Cluster,Length
Short,148.03546
Short,177.47546
Short,209.60608
Short,114.78159
Short,189.57016
Short,191.84281
Short,165.69424
Short,151.84934
Short,207.77751
Short,124.86485
Short,186.48771
Short,168.25424
Short,156.39465
Short,164.80608
Short,133.32853
Short,173.66159
Short,128.83546
Short,198.73914
Short,95.68608
Short,190.48444
Short,195.3171
Short,175.72526
Short,206.05342
Short,190.04036
Short,122.64444
Short,207.0722
Short,165.61587
Short,187.92444
Short,200.25424
Short,144.50893
Short,84.03546
Short,161.38404
Short,209.29261
Short,136.48934
Short,187.24526
Short,72.61995
Short,142.75873
Short,194.11546
Short,195.91791
Short,118.33424
Short,123.21914
Short,206.75873
Short,134.81751
Short,124.18567
Short,134.08608
Short,155.61098
Short,177.81506
Short,193.20118
Short,198.3473
Short,176.27383
Short,171.49342
Short,198.922
Short,184.31955
Short,162.53342
Short,212.37506
Short,126.51057
Short,205.58322
Short,193.4624
Short,127.4771
Short,188.73424
Short,211.80036
Short,210.36363
Short,117.002
Short,122.72281
Short,203.98975
Short,192.44363
Short,123.66322
Short,204.06812
Short,166.00771
Short,127.9473
Short,192.20853
Short,152.0322
Short,215.30077
Short,155.21914
Short,207.12444
Short,185.7824
Short,205.58322
Short,127.05914
Short,44.35546
Short,203.83302
Short,176.50893
Short,140.66893
Short,201.09016
Short,143.0722
Short,163.49995
Short,124.15955
Short,167.3922
Short,168.56771
Short,175.62077
Short,190.24934
Short,120.2673
Short,187.53261
Short,180.00934
Short,172.25098
Short,133.27628
Short,145.57995
Short,192.1824
Short,198.26893
Short,150.64771
Short,133.53751
Short,179.06893
Short,100.5971
Short,168.75057
Short,201.56036
Short,185.67791
Short,191.81669
Short,177.24036
Short,38.3473
Short,100.85832
Short,151.53587
Short,160.28689
Short,181.55057
Short,70.26893
Short,173.24363
Short,155.74159
Short,148.03546
Short,94.06649
Short,106.52689
Short,158.56281
Short,155.95057
Short,163.76118
Short,159.03302
Short,214.04689
Short,109.37424
Short,151.82322
Short,143.98649
Short,153.20771
Short,182.09914
Short,205.21751
Short,131.05587
Short,183.37914
Short,172.01587
Short,165.66812
Short,145.00526
Short,153.28608
Short,215.35302
Short,156.70812
Short,168.38485
Short,150.25587
Short,159.76444
Short,165.98159
Short,176.27383
Short,111.0722
Short,167.20934
Short,214.12526
Short,43.36281
Short,183.17016
Short,111.62077
Short,138.63138
Short,173.19138
Short,153.33832
Short,45.66159
Short,207.43791
Short,29.54404
Short,197.19791
Short,152.92036
Short,149.86404
Short,75.67628
Short,135.31383
Short,75.57179
Short,170.84036
Short,215.37914
Short,213.49832
Short,135.52281
Short,179.9571
Short,166.16444
Short,212.94975
Short,203.67628
Short,56.42404
Short,134.03383
Short,212.61016
Short,188.39465
Short,152.99873
Short,149.99465
Short,152.0322
Short,200.48934
Short,193.64526
Short,158.82404
Short,173.68771
Short,176.90077
Short,196.72771
Short,170.31791
Short,182.04689
Short,175.90812
Short,170.52689
Short,212.71465
Short,120.92036
Short,203.96363
Short,81.97179
Short,196.49261
Short,11.59791
Short,122.69669
Short,182.72608
Short,197.17179
Short,207.51628
Short,172.19873
Short,191.13751
Short,180.97587
Short,150.20363
Short,204.93016
Short,177.57995
Short,182.15138
Short,102.03383
Short,59.89832
Short,101.14567
Short,203.36281
Short,200.51546
Short,113.60608
Short,136.95955
Short,133.19791
Short,195.36934
Short,202.94485
Short,193.72363
Short,205.42649
Short,183.43138
Short,159.29424
Short,187.6371
Short,181.49832
Short,169.56036
Short,145.68444
Short,186.90567
Short,174.81098
Short,165.22404
Short,146.59873
Short,178.12853
Short,194.45506
Short,203.75465
Short,149.49832
Short,132.25751
Short,140.64281
Short,152.13669
Short,206.68036
Short,148.1922
Short,156.94322
Short,151.27465
Short,190.48444
Short,107.49342
Short,190.74567
Short,123.71546
Short,147.77424
Short,199.13098
Short,184.73751
Short,50.83383
Short,214.38649
Short,81.50159
Short,163.52608
Short,148.06159
Short,180.50567
Short,51.61751
Short,195.49995
Short,190.56281
Short,166.922
Short,182.20363
Short,188.70812
Short,141.19138
Short,199.20934
Short,194.35057
Short,130.16771
Short,195.13424
Short,181.02812
Short,193.35791
Short,44.64281
Short,183.30077
Short,207.56853
Short,107.7024
Short,124.94322
Short,147.69587
Short,174.34077
Short,200.202
Short,201.87383
Short,208.90077
Short,180.00934
Short,121.70404
Short,159.55546
Short,148.00934
Short,107.57179
Short,188.94322
Short,197.19791
Short,191.68608
Short,208.90077
Short,156.96934
Short,89.15546
Short,146.83383
Short,204.85179
Short,171.49342
Short,126.6673
Short,213.91628
Short,145.76281
Short,205.21751
Short,161.38404
Short,168.51546
Short,121.0771
Short,43.51955
Short,171.80689
Short,212.47955
Short,152.58077
Short,184.73751
Short,75.49342
Short,154.69669
Short,194.79465
Short,91.95057
Short,212.29669
Short,157.28281
Short,207.43791
Short,154.53995
Short,202.91873
Short,182.22975
Short,178.20689
Short,207.51628
Short,149.91628
Short,64.05179
Short,201.76934
Short,123.29751
Short,144.92689
Short,163.082
Short,156.682
Short,80.3522
Short,50.9122
Short,110.34077
Short,138.4224
Short,212.21832
Short,112.95302
Short,156.42077
Short,194.37669
Short,198.79138
Short,198.86975
Short,208.3522
Short,124.47302
Short,215.11791
Short,149.2371
Short,207.33342
Short,159.60771
Short,209.99791
Short,173.68771
Short,142.41914
Short,66.42893
Short,26.67057
Short,153.67791
Short,142.602
Short,53.39383
Short,198.05995
Short,131.57832
Short,196.62322
Short,110.44526
Short,179.59138
Short,199.94077
Short,157.88363
Short,201.09016
Short,145.78893
Short,151.01342
Short,173.26975
Short,144.1171
Short,189.57016
Short,170.50077
Short,177.94567
Short,168.64608
Short,129.88036
Short,150.33424
Short,189.33506
Short,129.74975
Short,181.57669
Short,181.91628
Short,186.40934
Short,195.10812
Short,188.47302
Short,158.45832
Short,68.98893
Short,200.38485
Short,188.52526
Short,85.26322
Short,196.64934
Short,125.41342
Short,204.53832
Short,181.81179
Short,130.82077
Short,158.98077
Short,163.36934
Short,189.30893
Short,123.11465
Short,189.75302
Short,129.25342
Short,208.97914
Short,191.50322
Short,178.33751
Short,207.04608
Short,164.8322
Short,194.40281
Short,174.602
Short,192.46975
Short,200.9073
Short,160.70485
Short,98.89914
Short,184.2673
Short,177.3971
Short,180.50567
Short,149.55057
Short,173.81832
Short,182.83057
Short,193.4624
Short,52.00934
Short,87.87546
Short,135.70567
Short,200.80281
Short,113.78893
Short,173.37424
Short,9.66485
Short,201.482
Short,194.01098
Short,118.49098
Short,205.7922
Short,196.72771
Short,195.5522
Short,159.34649
Short,164.15302
Short,180.71465
Short,182.67383
Short,195.39546
Short,92.70812
Short,180.6624
Short,140.7473
Short,205.97506
Short,195.52608
Short,208.87465
Short,163.29098
Short,190.64118
Short,201.89995
Short,210.88608
Short,140.38159
Short,184.29342
Short,201.92608
Short,198.81751
Short,203.02322
Short,167.00036
Short,163.29098
Short,145.55383
Short,208.56118
Short,108.40771
Short,144.03873
Short,198.5824
Short,176.56118
Short,210.05016
Short,191.63383
Short,177.6322
Short,204.40771
Short,153.73016
Short,125.90975
Short,181.15873
Short,183.37914
Short,128.80934
Short,204.5122
Short,206.57587
Short,213.10649
Short,155.6371
Short,208.32608
Short,208.92689
Short,215.01342
Short,200.48934
Short,195.29098
Short,170.37016
Short,137.32526
Short,92.86485
Short,24.47628
Short,167.28771
Short,184.52853
Short,41.56036
Short,211.06893
Short,136.98567
Short,158.45832
Short,193.20118
Short,201.92608
Short,191.73832
Short,184.65914
Short,180.81914
Short,159.81669
Short,157.33506
Short,194.61179
Short,185.67791
Short,160.57424
Short,214.7522
Short,193.93261
Short,198.76526
Short,78.05342
Short,207.90812
Short,192.46975
Short,113.73669
Short,171.25832
Short,196.62322
Short,192.88771
Short,193.64526
Short,208.14322
Short,135.47057
Short,148.37506
Short,154.3571
Short,164.07465
Short,173.7922
Short,150.17751
Short,55.50975
Short,26.01751
Short,191.9473
Short,207.98649
Short,200.56771
Short,186.8273
Short,206.28853
Short,181.08036
Short,156.26404
Short,131.94404
Short,170.52689
Short,205.08689
Short,35.97016
Short,191.21587
Short,197.90322
Short,130.61179
Short,196.75383
Short,169.50812
Short,172.93016
Short,29.41342
Short,179.04281
Short,214.64771
Short,211.90485
Short,206.05342
Short,194.97751
Short,185.73016
Short,208.45669
Short,209.162
Short,154.30485
Short,208.66567
Short,136.14975
Short,160.28689
Short,192.41751
Short,171.4673
Short,182.83057
Short,127.16363
Short,187.95057
Short,64.62649
Short,145.162
Short,166.29506
Short,192.26077
Short,171.75465
Short,151.19628
Short,34.42893
Short,116.1922
Short,189.70077
Short,190.04036
Short,183.53587
Short,190.71955
Short,169.35138
Short,132.67546
Short,123.24526
Short,208.16934
Short,206.81098
Short,133.3024
Short,148.06159
Short,139.17995
Short,200.75057
Short,113.57995
Short,175.75138
Short,182.17751
Short,80.53506
Short,177.57995
Short,142.86322
Short,114.31138
Short,110.88934
Short,207.46404
Short,168.01914
Short,192.44363
Short,166.19057
Short,176.37832
Short,84.16608
Short,164.12689
Short,179.01669
Short,179.93098
Short,201.03791
Short,120.16281
Short,107.83302
Short,55.40526
Short,190.14485
Short,113.78893
Short,211.40853
Short,184.68526
Short,183.11791
Short,189.57016
Short,204.66893
Short,188.96934
Short,209.55383
Short,131.81342
Short,197.51138
Short,203.10159
Short,192.73098
Short,22.33424
Short,211.01669
Short,192.15628
Short,209.60608
Short,180.03546
Short,187.53261
Short,169.482
Short,180.45342
Short,183.09179
Short,167.02649
Short,197.56363
Short,185.0771
Short,200.75057
Short,212.89751
Short,157.46567
Short,52.76689
Short,159.05914
Short,205.66159
Short,180.6624
Short,206.91546
Short,180.13995
Short,214.90893
Short,162.06322
Short,166.922
Short,143.64689
Short,71.99302
Short,189.57016
Short,212.92363
Short,162.19383
Short,169.69098
Short,110.52363
Short,160.93995
Short,165.40689
Short,171.10159
Short,195.3171
Short,177.71057
Short,205.87057
Short,168.48934
Short,178.46812
Short,191.65995
Short,160.7571
Short,193.25342
Short,174.54975
Short,213.7073
Short,108.93016
Short,172.72118
Short,201.32526
Short,191.42485
Short,171.72853
Short,211.46077
Short,95.73832
Short,151.61424
Short,50.1024
Short,168.46322
Short,41.84771
Short,185.5473
Short,197.0673
Short,196.20526
Short,147.64363
Short,192.73098
Short,181.18485
Short,160.07791
Short,192.23465
Short,200.46322
Short,102.94812
Short,78.96771
Short,87.06567
Short,201.03791
Short,200.59383
Short,138.29179
Short,214.02077
Short,173.66159
Short,138.84036
Short,159.60771
Short,164.98893
Short,100.8322
Short,44.19873
Short,149.99465
Short,213.55057
Short,203.83302
Short,185.20771
Short,192.26077
Short,180.79302
Short,200.28036
Short,82.85995
Short,165.51138
Short,170.84036
Short,170.23955
Short,188.49914
Short,107.28444
Short,207.17669
Short,105.42975
Short,156.42077
Short,211.17342
Short,149.18485
Short,153.93914
Short,126.87628
Short,209.97179
Short,206.18404
Short,167.6273
Short,130.92526
Short,184.37179
Short,189.07383
Short,171.2322
Short,180.37506
Short,154.38322
Short,128.83546
Short,168.12363
Short,184.05832
Short,178.75546
Short,114.02404
Short,165.53751
Short,74.68363
Short,194.45506
Short,187.24526
Short,162.87302
Short,211.9571
Short,46.86322
Short,214.09914
Short,161.74975
Short,109.16526
Short,215.43138
Short,116.4273
Short,31.42485
Short,207.20281
Short,211.74812
Short,133.82485
Short,192.20853
Short,166.42567
Short,156.29016
Short,199.28771
Short,204.14649
Short,184.0322
Short,201.92608
Short,199.05261
Short,175.72526
Short,165.25016
Short,184.00608
Short,196.88444
Short,12.12036
Short,184.18893
Short,3.99628
Short,201.74322
Short,90.90567
Short,210.54649
Short,191.97342
Short,140.40771
Short,197.22404
Short,197.72036
Short,130.19383
Short,183.58812
Short,148.24444
Short,194.45506
Short,175.25506
Short,120.86812
Short,155.03628
Short,169.58649
Short,99.3171
Short,53.31546
Short,189.43955
Short,186.5922
Short,49.94567
Short,212.32281
Short,87.11791
Short,161.802
Short,152.65914
Short,181.62893
Short,106.60526
Short,114.93832
Short,153.33832
Short,159.11138
Short,181.08036
Short,142.52363
Short,148.74077
Short,163.39546
Short,128.93995
Short,184.55465
Short,207.93424
Short,201.9522
Short,115.25179
Short,162.69016
Short,211.87873
Short,166.03383
Short,108.85179
Short,214.93506
Short,165.61587
Short,159.242
Short,149.2371
Short,24.0322
Short,111.80363
Short,210.07628
Short,204.25098
Short,78.75873
Short,165.35465
Short,170.1873
Short,77.94893
Short,141.24363
Short,169.1424
Short,159.242
Short,188.94322
Short,163.63057
Short,181.81179
Short,202.23955
Short,58.122
Short,169.97832
Short,148.92363
Short,119.71873
Short,195.10812
Short,52.79302
Short,186.67057
Short,200.38485
Short,113.47546
Short,209.34485
Short,208.48281
Short,151.37914
Short,128.49587
Short,188.29016
Short,165.09342
Short,169.66485
Short,210.46812
Short,212.84526
Short,144.90077
Short,175.98649
Short,202.47465
Short,145.55383
Short,79.93424
Short,192.62649
Short,182.33424
Short,140.12036
Short,88.58077
Short,192.20853
Short,179.04281
Short,152.45016
Short,170.05669
Short,200.98567
Short,211.59138
Short,171.15383
Short,204.85179
Short,211.90485
Short,190.56281
Short,167.3922
Short,170.94485
Short,194.76853
Short,198.89587
Short,207.49016
Short,20.79302
Short,146.59873
Short,146.15465
Short,137.84771
Short,163.83955
Short,188.05506
Short,192.88771
Short,210.18077
Short,131.81342
Short,151.09179
Short,191.73832
Short,201.03791
Short,186.40934
Short,168.04526
Short,117.08036
Short,184.73751
Short,141.92281
Short,136.09751
Short,141.47873
Short,187.27138
Short,182.85669
Short,153.36444
Short,151.01342
Short,184.45016
Short,140.30322
Short,78.81098
Short,13.5571
Short,201.50812
Short,187.92444
Short,157.57016
Short,203.62404
Short,172.38159
Short,175.43791
Short,134.89587
Short,181.18485
Short,134.03383
Short,203.91138
Short,168.6722
Short,175.90812
Short,176.43057
Short,202.91873
Short,184.5024
Short,204.14649
Short,158.09261
Short,132.07465
Short,208.79628
Short,172.43383
Short,184.42404
Short,175.17669
Short,121.65179
Short,188.94322
Short,175.80363
Short,51.01669
Short,113.65832
Short,196.80608
Short,121.96526
Short,199.94077
Short,96.65261
Short,118.38649
Short,174.21016
Short,52.87138
Short,84.63628
Short,137.63873
Short,118.30812
Short,171.59791
Short,165.51138
Short,185.5473
Short,199.31383
Short,59.32363
Short,180.87138
Short,202.91873
Short,51.12118
Short,182.22975
Short,198.66077
Short,135.07873
Short,182.25587
Short,138.57914
Short,167.18322
Short,195.36934
Short,181.65506
Short,194.66404
Short,159.4771
Short,186.69669
Short,165.61587
Short,179.85261
Short,108.38159
Short,180.1922
Short,96.10404
Short,80.03873
Short,205.26975
Short,162.55955
Short,181.49832
Short,172.38159
Short,162.37669
Short,198.84363
Short,151.92771
Short,209.18812
Short,200.41098
Short,188.02893
Short,183.17016
Short,196.17914
Short,150.46485
Short,214.46485
Short,172.30322
Short,104.93342
Short,127.29424
Short,146.88608
Short,169.53424
Short,150.12526
Short,165.38077
Short,165.38077
Short,36.54485
Short,184.63302
Short,165.66812
Short,181.96853
Short,202.34404
Short,204.56444
Short,184.58077
Short,165.35465
Short,73.03791
Short,118.83057
Short,198.16444
Short,42.70975
Short,151.19628
Short,125.6224
Short,127.4771
Short,74.762
Short,79.93424
Short,146.02404
Short,187.92444
Short,133.3024
Short,168.88118
Short,203.44118
Short,182.02077
Short,164.8322
Short,115.17342
Short,179.93098
Short,43.88526
Short,214.36036
Short,202.91873
Short,85.15873
Short,175.90812
Short,76.79955
Short,179.48689
Short,209.52771
Short,194.48118
Short,149.36771
Short,207.56853
Short,187.0624
Short,159.45098
Short,143.15057
Short,150.88281
Short,95.76444
Short,140.59057
Short,188.55138
Short,185.10322
Short,157.3873
Short,172.85179
Short,202.68363
Short,191.97342
Short,95.58159
Short,194.01098
Short,211.30404
Short,185.75628
Short,158.92853
Short,101.74649
Medium,218.93179
Medium,233.40363
Medium,267.7024
Medium,269.81832
Medium,266.39628
Medium,218.77506
Medium,245.21098
Medium,226.35057
Medium,307.3824
Medium,228.5971
Medium,290.29832
Medium,220.78649
Medium,269.58322
Medium,225.09669
Medium,338.31138
Medium,342.56934
Medium,313.12934
Medium,303.09832
Medium,271.49016
Medium,226.66404
Medium,277.78567
Medium,248.78975
Medium,217.23383
Medium,344.05832
Medium,251.42812
Medium,269.7922
Medium,241.162
Medium,300.79955
Medium,228.46649
Medium,239.59465
Medium,228.93669
Medium,276.50567
Medium,285.17832
Medium,246.69995
Medium,273.52771
Medium,298.84036
Medium,229.61587
Medium,269.26975
Medium,249.41669
Medium,233.27302
Medium,272.63955
Medium,288.41751
Medium,283.76771
Medium,239.3073
Medium,285.64853
Medium,275.40853
Medium,223.4771
Medium,385.33179
Medium,324.44036
Medium,275.12118
Medium,294.66077
Medium,357.82485
Medium,261.95546
Medium,220.89098
Medium,235.91138
Medium,239.59465
Medium,266.05669
Medium,329.27302
Medium,283.21914
Medium,238.68036
Medium,254.06649
Medium,311.40526
Medium,338.33751
Medium,234.762
Medium,292.8322
Medium,241.10975
Medium,270.68036
Medium,254.32771
Medium,301.81832
Medium,217.36444
Medium,285.36118
Medium,225.12281
Medium,219.01016
Medium,230.00771
Medium,240.74404
Medium,306.72934
Medium,229.51138
Medium,254.79791
Medium,289.64526
Medium,321.35791
Medium,263.94077
Medium,341.36771
Medium,333.13914
Medium,349.12608
Medium,350.71955
Medium,255.16363
Medium,295.60118
Medium,252.02893
Medium,329.35138
Medium,244.45342
Medium,282.53995
Medium,388.28363
Medium,345.93914
Medium,243.1473
Medium,261.74649
Medium,216.60689
Medium,363.59791
Medium,271.77751
Medium,330.65751
Medium,264.69832
Medium,228.51873
Medium,240.3522
Medium,235.80689
Medium,397.26975
Medium,229.79873
Medium,286.14485
Medium,384.70485
Medium,266.70975
Medium,284.3424
Medium,320.60036
Medium,302.36689
Medium,284.70812
Medium,327.8624
Medium,286.30159
Medium,356.49261
Medium,218.8273
Medium,303.04608
Medium,224.522
Medium,315.27138
Medium,275.06893
Medium,233.58649
Medium,239.01995
Medium,288.49587
Medium,241.52771
Medium,226.82077
Medium,224.28689
Medium,340.29669
Medium,216.55465
Medium,279.2224
Medium,234.44853
Medium,233.53424
Medium,256.80934
Medium,234.65751
Medium,301.06077
Medium,287.11138
Medium,239.98649
Medium,229.642
Medium,316.65587
Medium,316.73424
Medium,324.51873
Medium,377.67791
Medium,230.26893
Medium,247.77098
Medium,368.16934
Medium,266.4224
Medium,313.7824
Medium,265.37751
Medium,240.61342
Medium,356.41424
Medium,260.28363
Medium,256.39138
Medium,316.49914
Medium,252.57751
Medium,224.60036
Medium,259.44771
Medium,236.25098
Medium,236.93016
Medium,243.82649
Medium,241.47546
Medium,270.602
Medium,218.38322
Medium,230.71302
Medium,337.68444
Medium,236.17261
Medium,338.23302
Medium,335.51628
Medium,326.00771
Medium,305.162
Medium,279.97995
Medium,261.51138
Medium,290.55955
Medium,363.85914
Medium,282.43546
Medium,221.30893
Medium,338.1024
Medium,298.10893
Medium,351.08526
Medium,305.89342
Medium,301.92281
Medium,269.76608
Medium,221.67465
Medium,261.74649
Medium,307.33016
Medium,225.67138
Medium,296.14975
Medium,230.86975
Medium,233.03791
Medium,269.40036
Medium,281.46893
Medium,224.20853
Medium,361.53424
Medium,367.43791
Medium,215.53587
Medium,234.70975
Medium,340.11383
Medium,280.13669
Medium,277.2371
Medium,260.8322
Medium,309.65506
Medium,352.57424
Medium,221.83138
Medium,281.88689
Medium,256.10404
Medium,345.23383
Medium,338.36363
Medium,256.62649
Medium,291.02975
Medium,293.27628
Medium,334.78485
Medium,215.82322
Medium,237.42649
Medium,271.5424
Medium,269.87057
Medium,266.73587
Medium,312.76363
Medium,288.36526
Medium,280.45016
Medium,359.73179
Medium,217.41669
Medium,257.59302
Medium,251.81995
Medium,261.90322
Medium,365.71383
Medium,216.42404
Medium,222.11873
Medium,281.75628
Medium,388.51873
Medium,261.53751
Medium,262.55628
Medium,263.6273
Medium,217.39057
Medium,293.92934
Medium,332.7473
Medium,223.89506
Medium,307.56526
Medium,216.86812
Medium,304.06485
Medium,273.65832
Medium,245.49832
Medium,320.91383
Medium,321.33179
Medium,358.71302
Medium,264.51546
Medium,230.3473
Medium,286.32771
Medium,225.12281
Medium,329.58649
Medium,349.83138
Medium,287.03302
Medium,250.3571
Medium,243.25179
Medium,232.85506
Medium,254.56281
Medium,251.37587
Medium,234.55302
Medium,269.7922
Medium,259.34322
Medium,362.31791
Medium,274.80771
Medium,340.79302
Medium,229.25016
Medium,231.18322
Medium,332.01587
Medium,352.67873
Medium,327.88853
Medium,345.75628
Medium,256.522
Medium,248.92036
Medium,289.54077
Medium,280.45016
Medium,270.52363
Medium,265.22077
Medium,281.41669
Medium,260.46649
Medium,246.96118
Medium,252.3424
Medium,234.52689
Medium,273.55383
Medium,229.09342
Medium,331.07546
Medium,256.02567
Medium,254.01424
Medium,380.44689
Medium,247.66649
Medium,266.762
Medium,342.83057
Medium,240.43057
Medium,233.45587
Medium,333.24363
Medium,228.04853
Medium,298.37016
Medium,223.76444
Medium,359.6273
Medium,247.7971
Medium,221.12608
Medium,389.642
Medium,234.52689
Medium,227.05587
Medium,290.97751
Medium,229.8771
Medium,324.85832
Medium,286.27546
Medium,301.71383
Medium,298.13506
Medium,254.32771
Medium,230.63465
Medium,264.61995
Medium,326.42567
Medium,225.04444
Medium,357.85098
Medium,235.17995
Medium,271.12444
Medium,233.76934
Medium,227.36934
Medium,245.39383
Medium,235.91138
Medium,235.41506
Medium,219.19302
Medium,282.69669
Medium,243.722
Medium,230.42567
Medium,260.54485
Medium,311.53587
Medium,262.5824
Medium,255.73832
Medium,367.41179
Medium,239.59465
Medium,222.92853
Medium,392.4371
Medium,280.21506
Medium,278.38649
Medium,362.60526
Medium,253.70077
Medium,233.01179
Medium,231.54893
Medium,267.20608
Medium,305.34485
Medium,222.09261
Medium,269.7922
Medium,277.10649
Medium,283.74159
Medium,290.63791
Medium,297.76934
Medium,307.35628
Medium,242.52036
Medium,309.26322
Medium,294.55628
Medium,222.14485
Medium,252.96934
Medium,226.66404
Medium,280.24118
Medium,286.4322
Medium,378.06975
Medium,237.24363
Medium,275.85261
Medium,317.88363
Medium,270.68036
Medium,218.61832
Medium,286.24934
Medium,307.87873
Medium,347.84608
Medium,237.7922
Medium,366.13179
Medium,233.50812
Medium,242.59873
Medium,225.64526
Medium,276.16608
Medium,304.32608
Medium,329.74322
Medium,225.17506
Medium,321.17506
Medium,218.61832
Medium,230.29506
Medium,352.88771
Medium,305.65832
Medium,257.59302
Medium,348.36853
Medium,225.17506
Medium,216.81587
Medium,319.60771
Medium,319.63383
Medium,281.28608
Medium,274.20689
Medium,235.78077
Medium,278.59546
Medium,247.32689
Medium,229.22404
Medium,248.78975
Medium,318.9024
Medium,295.3922
Medium,228.5971
Medium,323.18649
Medium,222.17098
Medium,364.48608
Medium,262.79138
Medium,252.52526
Medium,236.66893
Medium,239.90812
Medium,285.49179
Medium,249.99138
Medium,237.87057
Medium,263.94077
Medium,312.94649
Medium,227.44771
Medium,316.36853
Medium,269.73995
Medium,220.96934
Medium,271.85587
Medium,260.38812
Medium,275.69587
Medium,221.28281
Medium,242.88608
Medium,259.68281
Medium,267.36281
Medium,322.87302
Medium,295.57506
Medium,219.74159
Medium,263.8624
Medium,298.89261
Medium,247.01342
Medium,220.94322
Medium,323.21261
Medium,232.88118
Medium,284.47302
Medium,232.30649
Medium,218.22649
Medium,263.60118
Medium,240.43057
Medium,250.27873
Medium,285.3873
Medium,219.66322
Medium,316.89098
Medium,352.86159
Medium,252.18567
Medium,324.70159
Medium,259.23873
Medium,261.32853
Medium,304.8224
Medium,236.2771
Medium,325.25016
Medium,373.39383
Medium,333.322
Medium,238.44526
Medium,223.52934
Medium,288.83546
Medium,257.2273
Medium,281.88689
Medium,323.99628
Medium,250.3571
Medium,258.92526
Medium,238.39302
Medium,231.54893
Medium,249.20771
Medium,255.00689
Medium,233.7171
Medium,235.17995
Medium,335.90812
Medium,287.08526
Medium,226.40281
Medium,221.962
Medium,239.38567
Medium,344.2673
Medium,238.99383
Medium,276.74077
Medium,222.37995
Medium,260.362
Medium,225.33179
Medium,230.37342
Medium,260.33587
Medium,238.47138
Medium,389.19791
Medium,245.65506
Medium,286.85016
Medium,249.02485
Medium,234.52689
Medium,286.56281
Medium,220.39465
Medium,304.84853
Medium,245.62893
Medium,308.94975
Medium,283.8722
Medium,223.39873
Medium,263.20934
Medium,303.85587
Medium,237.13914
Medium,277.002
Medium,224.20853
Medium,219.29751
Medium,312.13669
Medium,265.7171
Medium,274.15465
Medium,239.01995
Medium,312.65914
Medium,243.53914
Medium,388.0224
Medium,229.51138
Medium,286.51057
Medium,248.81587
Medium,256.28689
Medium,239.0722
Medium,217.02485
Medium,217.33832
Medium,327.49669
Medium,222.24934
Medium,278.22975
Medium,270.78485
Medium,318.79791
Medium,265.63873
Medium,295.23546
Medium,242.59873
Medium,281.93914
Medium,228.98893
Medium,228.98893
Medium,373.26322
Medium,252.78649
Medium,309.96853
Medium,253.67465
Medium,247.01342
Medium,238.10567
Medium,277.99465
Medium,229.14567
Medium,391.70567
Medium,263.00036
Medium,234.84036
Medium,217.5473
Medium,252.62975
Medium,239.67302
Medium,294.68689
Medium,286.77179
Medium,250.30485
Medium,271.25506
Medium,216.29342
Medium,242.28526
Medium,258.01098
Medium,243.90485
Medium,250.74893
Medium,263.65342
Medium,303.98649
Medium,224.54812
Medium,277.57669
Medium,256.31302
Medium,232.64608
Medium,250.69669
Medium,257.01832
Medium,224.62649
Medium,244.32281
Medium,216.47628
Medium,217.10322
Medium,281.65179
Medium,216.78975
Medium,383.58159
Medium,256.15628
Medium,305.71057
Medium,320.1824
Medium,256.20853
Medium,254.09261
Medium,215.74485
Medium,245.99465
Medium,351.32036
Medium,242.83383
Medium,240.69179
Medium,290.08934
Medium,259.76118
Medium,281.15546
Medium,242.15465
Medium,309.41995
Medium,343.27465
Medium,265.97832
Medium,270.96771
Medium,250.14812
Medium,293.72036
Medium,242.02404
Medium,343.562
Medium,254.9024
Medium,308.81914
Medium,267.31057
Medium,248.81587
Medium,337.71057
Medium,253.54404
Medium,255.4771
Medium,241.3971
Medium,257.30567
Medium,225.33179
Medium,232.202
Medium,252.86485
Medium,247.53587
Medium,215.77098
Medium,238.28853
Medium,244.50567
Medium,335.09832
Medium,233.92608
Medium,319.39873
Medium,249.83465
Medium,238.41914
Medium,234.57914
Medium,267.20608
Medium,226.7424
Medium,238.00118
Medium,355.29098
Medium,274.12853
Medium,241.89342
Medium,340.87138
Medium,296.95955
Medium,235.04934
Medium,248.18893
Medium,276.68853
Medium,279.19628
Medium,220.15955
Medium,308.45342
Medium,217.20771
Medium,234.78812
Medium,233.92608
Medium,313.70404
Medium,371.06893
Medium,399.882
Medium,222.98077
Medium,245.02812
Medium,257.69751
Medium,225.48853
Medium,277.81179
Medium,307.04281
Medium,236.56444
Medium,246.7522
Medium,377.70404
Medium,241.52771
Medium,307.722
Medium,222.92853
Medium,246.69995
Medium,235.36281
Medium,323.10812
Medium,274.12853
Medium,317.70077
Medium,314.14812
Medium,234.63138
Medium,320.05179
Medium,252.682
Medium,266.60526
Medium,333.21751
Medium,295.96689
Medium,238.10567
Medium,270.73261
Medium,251.08853
Medium,270.21016
Medium,395.17995
Medium,239.38567
Medium,285.70077
Medium,354.79465
Medium,309.57669
Medium,259.73506
Medium,236.56444
Medium,235.65016
Medium,221.23057
Medium,260.10077
Medium,263.67955
Medium,318.56281
Medium,335.33342
Medium,288.33914
Medium,258.87302
Medium,296.202
Medium,356.54485
Medium,233.63873
Medium,337.24036
Medium,262.37342
Medium,232.25424
Medium,232.75057
Medium,235.4673
Medium,305.3971
Medium,258.42893
Medium,399.33342
Medium,264.07138
Medium,270.70649
Medium,231.10485
Medium,217.10322
Medium,253.41342
Medium,222.27546
Medium,243.80036
Medium,262.19057
Medium,231.07873
Medium,243.46077
Medium,236.72118
Medium,261.642
Medium,331.25832
Medium,232.12363
Medium,269.40036
Medium,337.60608
Medium,235.96363
Medium,215.84934
Medium,257.74975
Medium,240.29995
Medium,240.27383
Medium,287.242
Medium,305.05751
Medium,230.84363
Medium,323.94404
Medium,315.01016
Medium,294.08608
Medium,321.56689
Medium,262.79138
Medium,354.11546
Medium,224.91383
Medium,225.67138
Medium,240.06485
Medium,227.5522
Medium,256.70485
Medium,226.06322
Medium,216.92036
Medium,222.14485
Medium,216.05832
Medium,232.80281
Medium,254.82404
Medium,233.42975
Medium,225.67138
Medium,245.44608
Medium,227.60444
Medium,253.49179
Medium,317.54404
Medium,254.51057
Medium,267.33669
Medium,354.06322
Medium,328.9073
Medium,252.86485
Medium,223.50322
Medium,225.20118
Medium,268.95628
Medium,253.04771
Medium,323.7873
Medium,276.45342
Medium,288.20853
Medium,223.92118
Medium,242.28526
Medium,295.94077
Medium,274.46812
Medium,295.1571
Medium,343.40526
Medium,257.20118
Medium,228.49261
Medium,259.52608
Medium,226.66404
Medium,317.36118
Medium,244.87138
Medium,318.45832
Medium,228.0224
Medium,237.45261
Medium,271.22893
Medium,371.64363
Medium,224.28689
Medium,329.37751
Medium,330.26567
Medium,220.05506
Medium,260.33587
Medium,269.322
Medium,234.68363
Medium,282.85342
Medium,310.20363
Medium,247.71873
Medium,241.97179
Medium,231.94077
Medium,291.83955
Medium,280.00608
Medium,262.24281
Medium,244.27057
Medium,255.00689
Medium,233.66485
Medium,250.72281
Medium,294.05995
Medium,235.10159
Medium,283.24526
Medium,279.74485
Medium,267.67628
Medium,247.562
Medium,239.67302
Medium,259.63057
Medium,229.40689
Medium,277.10649
Medium,264.25424
Medium,338.02404
Medium,395.28444
Medium,308.53179
Medium,277.81179
Medium,227.70893
Medium,227.94404
Medium,246.07302
Medium,341.75955
Medium,225.74975
Medium,274.78159
Medium,363.20608
Medium,338.12853
Medium,219.81995
Medium,250.67057
Medium,243.25179
Medium,227.36934
Medium,281.52118
Medium,277.7073
Medium,349.51791
Medium,271.85587
Medium,269.81832
Medium,229.45914
Medium,255.21587
Medium,259.05587
Medium,276.79302
Medium,385.2273
Medium,348.02893
Medium,258.19383
Medium,250.85342
Medium,289.30567
Medium,232.38485
Medium,237.97506
Medium,257.95873
Medium,229.01506
Medium,241.68444
Medium,266.00444
Medium,307.51302
Medium,251.76771
Medium,241.03138
Medium,226.06322
Medium,238.94159
Medium,383.29424
Medium,222.30159
Medium,308.92363
Medium,342.20363
Medium,234.762
Medium,287.99955
Medium,276.03546
Medium,381.17832
Medium,265.61261
Medium,273.78893
Medium,310.59546
Medium,273.18812
Medium,223.11138
Medium,224.7571
Medium,326.16444
Medium,286.58893
Medium,261.79873
Medium,366.70649
Medium,244.61016
Medium,242.70322
Medium,353.17506
Medium,325.11955
Medium,237.68771
Medium,296.93342
Medium,265.1424
Medium,291.57832
Medium,380.81261
Medium,279.74485
Medium,390.66077
Medium,248.71138
Medium,269.94893
Medium,260.20526
Medium,218.40934
Medium,350.4322
Medium,397.42649
Medium,301.06077
Medium,228.62322
Medium,221.49179
Medium,274.59873
Medium,291.13424
Medium,252.682
Medium,216.89424
Medium,230.53016
Medium,217.96526
Medium,309.96853
Medium,261.14567
Medium,281.33832
Medium,365.16526
Medium,350.56281
Medium,340.50567
Medium,249.05098
Medium,292.5971
Medium,321.64526
Medium,330.97098
Medium,250.56608
Medium,235.85914
Medium,327.83628
Medium,229.53751
Medium,261.04118
Medium,220.99546
Medium,219.74159
Medium,227.5522
Medium,380.682
Medium,289.59302
Medium,261.642
Medium,263.3922
Medium,314.06975
Medium,231.73179
Medium,219.19302
Medium,324.91057
Medium,383.16363
Medium,299.33669
Medium,252.08118
Medium,244.74077
Medium,296.85506
Medium,246.36036
Medium,289.2273
Medium,225.14893
Medium,313.70404
Medium,358.19057
Medium,246.30812
Medium,298.13506
Medium,254.45832
Medium,278.96118
Medium,291.26485
Medium,314.48771
Medium,273.34485
Medium,255.50322
Medium,227.52608
Medium,316.96934
Medium,278.54322
Medium,266.89261
Medium,243.98322
Medium,245.55057
Medium,277.62893
Medium,279.58812
Medium,263.41832
Medium,224.02567
Medium,258.42893
Medium,391.02649
Medium,252.55138
Medium,364.14649
Medium,257.2273
Medium,287.92118
Medium,235.04934
Medium,283.92444
Medium,301.87057
Medium,324.07465
Medium,338.75546
Medium,313.20771
Medium,248.34567
Medium,240.84853
Medium,254.35383
Medium,260.33587
Medium,268.90404
Medium,268.30322
Medium,265.29914
Medium,231.73179
Medium,285.51791
Medium,356.10077
Medium,231.47057
Medium,280.81587
Medium,367.01995
Medium,308.76689
Medium,296.33261
Medium,275.3824
Medium,309.52444
Medium,294.53016
Medium,289.4624
Medium,234.1873
Medium,229.98159
Medium,288.41751
Medium,230.37342
Medium,316.21179
Medium,274.41587
Medium,276.4273
Medium,239.20281
Medium,330.63138
Medium,317.46567
Medium,261.95546
Medium,253.12608
Medium,242.38975
Medium,319.37261
Medium,265.84771
Medium,272.5873
Medium,236.042
Medium,282.53995
Medium,321.30567
Medium,248.55465
Medium,396.87791
Medium,228.49261
Medium,312.39791
Medium,251.79383
Medium,227.47383
Medium,249.80853
Medium,298.00444
Medium,224.54812
Medium,327.6273
Medium,266.03057
Medium,290.82077
Medium,217.49506
Medium,232.35873
Medium,222.61506
Medium,276.79302
Medium,228.75383
Medium,240.92689
Medium,328.56771
Medium,267.59791
Medium,314.122
Medium,224.93995
Medium,376.68526
Medium,332.93016
Medium,284.23791
Medium,232.61995
Medium,379.37587
Medium,264.59383
Medium,243.35628
Medium,283.66322
Medium,220.70812
Medium,307.722
Medium,237.60934
Medium,228.62322
Medium,285.67465
Medium,224.54812
Medium,295.31383
Medium,280.65914
Medium,378.67057
Medium,262.21669
Medium,344.24118
Medium,232.12363
Medium,241.13587
Medium,264.54159
Medium,240.90077
Medium,225.25342
Medium,253.70077
Medium,228.93669
Medium,261.77261
Medium,359.36608
Medium,222.92853
Medium,290.37669
Medium,254.58893
Medium,398.44526
Medium,254.95465
Medium,369.24036
Medium,266.23955
Medium,397.24363
Medium,331.88526
Medium,231.67955
Medium,215.48363
Medium,233.24689
Medium,223.29424
Medium,279.24853
Large,491.12771
Large,599.24853
Large,484.62322
Large,450.84689
Large,456.30649
Large,426.89261
Large,443.24526
Large,416.80934
Large,413.36118
Large,525.16526
Large,570.90567
Large,428.56444
Large,654.28853
Large,557.26975
Large,418.87302
Large,420.10077
Large,415.03302
Large,485.19791
Large,431.64689
Large,465.60608
Large,424.12363
Large,407.37914
Large,511.16363
Large,658.02404
Large,474.61832
Large,492.30322
Large,757.99465
Large,515.97016
Large,469.68118
Large,466.65098
Large,1030.19057
Large,722.20689
Large,443.55873
Large,409.05098
Large,504.05832
Large,514.7424
Large,692.06159
Large,529.91955
Large,463.49016
Large,448.62649
Large,673.2273
Large,793.62567
Large,623.72526
Large,402.62485
Large,417.67138
Large,617.82159
Large,407.45751
Large,552.35873
Large,443.03628
Large,472.45016
Large,458.9971
Large,451.44771
Large,423.26159
Large,406.38649
Large,1519.28118
Large,827.66322
Large,508.02893
Large,493.7922
Large,495.38567
Large,499.51302
Large,443.68934
Large,914.02404
Large,456.61995
Large,431.93424
Large,420.49261
Large,528.40444
Large,421.95546
Large,978.442
Large,425.03791
Large,404.06159
Large,541.23057
Large,651.59791
Large,544.522
Large,1400.37179
Large,444.81261
Large,502.69995
Large,732.39465
Large,489.482
Large,743.36608
Large,476.9171
Large,586.70975
Large,417.56689
Large,512.1824
Large,434.88608
Large,501.05424
Large,528.14322
Large,451.44771
Large,446.32771
Large,413.33506
Large,409.96526
Large,419.68281
Large,401.97179
Large,1054.37995
Large,749.81832
Large,437.9424
Large,1598.1971
Large,1037.68771
Large,558.28853
Large,404.58404
Large,441.96526
Large,416.44363
Large,409.91302
Large,436.21832
Large,423.07873
Large,456.51546
Large,461.24363
Large,414.1971
Large,469.60281
Large,412.21179
Large,508.96934
Large,524.87791
Large,879.69914
Large,933.642
Large,419.68281
Large,552.93342
Large,505.67791
Large,515.36934
Large,1141.08036
Large,597.41995
Large,433.71057
Large,647.60118
Large,469.44608
Large,1143.03955
Large,519.8624
Large,459.33669
Large,459.31057
Large,413.1522
Large,559.75138
Large,1222.42567
Large,440.52853
Large,520.88118
Large,639.60771
Large,678.76526
Large,406.17751
Large,480.96608
Large,439.17016
Large,433.42322
Large,410.90567
Large,472.52853
Large,413.54404
Large,445.77914
Large,459.33669
Large,479.9473
Large,454.94812
Large,628.21832
Large,411.42812
Large,508.60363
Large,655.67302
Large,534.62159
Large,404.37506
Large,573.67465
Large,618.23955
Large,493.29587
Large,554.68363
Large,641.48853
Large,494.21016
Large,408.05832
Large,419.76118
Large,407.06567
Large,503.48363
Large,411.68934
Large,404.45342
Large,842.10893
Large,543.58159
Large,420.15302
Large,537.25995
Large,409.70404
Large,670.04036
Large,541.51791
Large,557.68771
Large,421.61587
Large,811.2322
Large,588.85179
Large,451.34322
Large,445.49179
Large,456.64608
Large,415.45098
Large,579.13424
Large,412.1073
Large,469.62893
Large,439.06567
Large,423.60118
Large,465.99791
Large,454.16444
Large,427.36281
Large,430.0273
Large,441.52118
Large,453.58975
Large,420.07465
Large,454.1122
Large,601.99138
Large,434.15465
Large,1253.92934
Large,553.27302
Large,551.54893
Large,506.27873
Large,424.51546
Large,575.79057
Large,1061.79873
Large,508.3424
Large,434.15465
Large,956.60363
Large,514.45506
Large,938.00444
Large,545.74975
Large,402.65098
Large,511.21587
Large,521.63873
Large,496.06485
Large,684.79955
Large,590.00118
Large,462.0273
Large,488.41098
Large,481.07057
Large,431.75138
Large,405.002
Large,577.48853
Large,466.33751
Large,430.65424
Large,409.99138
Large,1686.7522
Large,473.46893
Large,406.07302
Large,490.84036
Large,490.55302
Large,527.82975
Large,1394.75546
Large,403.01669
Large,416.23465
Large,409.83465
Large,454.84363
Large,439.30077
Large,526.21016
Large,880.92689
Large,659.46077
Large,663.24853
Large,410.98404
Large,440.76363
Large,550.97424
Large,475.11465
Large,445.33506
Large,531.61751
Large,530.12853
Large,410.8273
Large,455.02649
Large,642.92526
Large,976.56118
Large,508.65587
Large,482.55955
Large,413.07383
Large,441.7824
Large,591.62077
Large,798.1971
Large,418.79465
Large,610.95138
Large,479.81669
Large,418.87302
Large,406.93506
Large,470.9873
Large,500.6624
Large,407.03955
Large,419.97016
Large,492.30322
Large,632.34567
Large,486.94812
Large,478.92853
Large,479.45098
Large,467.43465
Large,540.49914
Large,601.3122
Large,421.27628
Large,594.85995
Large,437.28934
Large,416.7571
Large,569.46893
Large,409.88689
Large,614.00771
Large,492.45995
Large,860.39465
Large,533.34159
Large,460.79955
Large,464.5873
Large,474.06975
Large,467.53914
Large,740.46649
Large,435.93098
Large,410.06975
Large,513.56689
Large,403.19955
Large,466.05016
Large,433.47546
Large,817.37098
Large,405.52444
Large,419.76118
Large,542.87628
Large,444.9171
Large,497.13587
Large,435.3824
Large,413.23057
Large,421.19791
Large,404.45342
Large,534.62159
Large,439.64036
Large,556.06812
Large,421.35465
Large,486.97424
Large,472.39791
Large,424.82893
Large,461.71383
Large,532.27057
Large,528.22159
Large,482.21995
Large,565.96853
Large,483.39546
Large,600.11057
Large,485.14567
Large,580.70159
Large,465.47546
Large,625.78893
Large,770.35057
Large,425.16853
Large,1071.882
Large,488.17587
Large,484.62322
Large,449.74975
Large,416.70485
Large,421.48526
Large,695.03955
Large,533.89016
Large,555.54567
Large,459.93751
Large,521.56036
Large,496.63955
Large,411.97669
Large,693.57669
Large,428.72118
Large,590.15791
Large,471.43138
Large,413.49179
Large,474.61832
Large,418.53342
Large,433.97179
Large,527.98649
Large,516.62322
Large,637.43955
Large,540.42077
Large,403.85261
Large,518.81751
Large,515.65669
Large,543.97342
Large,759.09179
Large,564.94975
Large,620.19873
Large,495.90812
Large,494.10567
Large,834.66404
Large,426.00444
Large,498.83383
Large,608.7571
Large,459.28444
Large,535.45751
Large,420.62322
Large,501.13261
Large,408.00608
Large,475.74159
Large,521.9522
Large,451.02975
Large,405.41995
Large,608.23465
Large,433.94567
Large,468.00934
Large,422.24281
Large,720.53506
Large,538.27873
Large,432.97914
Large,433.42322
Large,513.43628
Large,516.362
Large,473.49506
Large,564.29669
Large,428.06812
Large,448.54812
Large,408.73751
Large,1130.94485
Large,469.60281
Large,639.42485
Large,508.89098
Large,904.80281
Large,445.57016
Large,401.8673
Large,404.21832
Large,415.99955
Large,456.69832
Large,452.25751
Large,512.78322
Large,699.03628
Large,430.54975
Large,460.56444
Large,504.92036
Large,711.70567
Large,479.76444
Large,540.47302
Large,733.88363
Large,466.96444
Large,468.16608
Large,984.55465
Large,460.48608
Large,453.66812
Large,555.54567
Large,431.51628
Large,488.25424
Large,417.12281
Large,468.06159
Large,517.642
Large,498.80771
Large,1204.29669
Large,435.69587
Large,509.33506
Large,451.02975
Large,424.9073
Large,512.91383
Large,1280.522
Large,504.94649
Large,456.82893
Large,438.88281
Large,422.16444
Large,521.56036
Large,458.91873
Large,431.51628
Large,445.30893
Large,436.21832
Large,428.45995
Large,425.19465
Large,668.62975
Large,703.9473
Large,480.80934
Large,426.78812
Large,461.11302
Large,501.83791
Large,415.81669
Large,418.2722
Large,532.37506
Large,538.06975
Large,411.01016
Large,430.94159
Large,504.47628
Large,501.55057
Large,635.92444
Large,592.56118
Large,536.0322
Large,521.89995
Large,407.50975
Large,551.81016
Large,463.35955
Large,425.92608
Large,621.7922
Large,445.49179
Large,460.43383
Large,594.99057
Large,429.29587
Large,599.24853
Large,406.62159
Large,509.49179
Large,463.38567
Large,431.72526
Large,625.57995
Large,554.9971
Large,499.69587
Large,422.73914
Large,498.33751
Large,481.54077
Large,406.85669
Large,465.6322
Large,484.10077
Large,834.24608
Large,441.99138
Large,487.33995
Large,1203.53914
Large,405.41995
Large,436.53179
Large,478.45832
Large,411.92444
Large,414.24934
Large,745.40363
Large,409.0771
Large,575.58159
Large,920.76363
Large,468.00934
Large,405.10649
Large,498.38975
Large,436.27057
Large,427.07546
Large,447.08526
Large,501.2371
Large,401.65832
Large,514.0371
Large,600.37179
Large,462.07955
Large,497.89342
Large,610.01098
Large,1610.00444
Large,735.60771
Large,418.45506
Large,449.38404
Large,496.1171
Large,402.96444
Large,519.13098
Large,446.37995
Large,652.40771
Large,486.42567
Large,517.56363
Large,459.93751
Large,551.91465
Large,437.31546
Large,451.29098
Large,451.49995
Large,439.17016
Large,403.61751
Large,449.2273
Large,433.37098
Large,446.24934
Large,494.15791
Large,443.37587
Large,440.18893
Large,404.68853
Large,445.17832
Large,463.59465
Large,556.69506
Large,413.04771
Large,481.48853
Large,500.29669
Large,492.45995
Large,476.47302
Large,520.04526
Large,724.92363
Large,460.69506
Large,586.29179
Large,441.88689
Large,1266.41587
Large,413.51791
Large,412.02893
Large,521.19465
Large,424.22812
Large,489.58649
Large,564.37506
Large,624.66567
Large,598.41261
Large,781.60934
Large,425.61261
Large,579.44771
Large,645.38077
Large,432.90077
Large,508.02893
Large,548.38812
Large,809.58649
Large,568.99873
Large,447.58159
Large,425.19465
Large,1819.76771
Large,438.90893
Large,513.61914
Large,425.19465
Large,417.48853
Large,497.13587
Large,501.86404
Large,878.75873
Large,568.78975
Large,419.70893
Large,1023.86893
Large,430.94159
Large,589.87057
Large,1815.2224
Large,535.69261
Large,525.47873
Large,477.49179
Large,540.52526
Large,405.78567
Large,1280.88771
Large,415.50322
Large,424.85506
Large,521.79546
Large,423.70567
Large,974.99383
Large,558.44526
Large,422.55628
Large,530.70322
Large,549.38077
Large,425.37751
Large,598.62159
Large,415.4771
Large,409.73016
Large,476.18567
Large,912.97914
Large,417.72363
Large,861.83138
Large,569.20771
Large,771.89179
Large,434.49424
Large,529.03138
Large,432.14322
Large,828.05506
Large,403.25179
Large,549.3024
Large,402.36363
Large,517.0673
Large,455.44444
Large,490.86649
Large,444.49914
Large,414.9024
Large,475.21914