Cluster,Loudness
0,-9.689
0,-9.013
0,-4.501
0,-9.323
0,-6.697
0,-7.545
0,-6.632
0,-7.75
0,-8.346
0,-8.576
0,-8.032
0,-5.271
0,-6.787
0,-8.514
0,-8.05
0,-4.264
0,-5.908
0,-6.486
0,-4.516
0,-9.616
0,-7.762
0,-9.512
0,-9.063
0,-8.879
0,-7.469
0,-2.022
0,-6.944
0,-7.805
0,-9.493
0,-9.253
0,-8.531
0,-8.541
0,-6.629
0,-8.686
0,-6.222
0,-5.907
0,-4.638
0,-5.884
0,-7.787
0,-8.488
0,-9.603
0,-6.305
0,-9.161
0,-4.865
0,-4.882
0,-6.693
0,-9.091
0,-2.658
0,-4.42
0,-8.165
0,-8.7
0,-5.758
0,-4.907
0,-8.133
0,-9.093
0,-2.119
0,-8.37
0,-6.29
0,-5.701
0,-8.709
0,-6.302
0,-9.275
0,-7.103
0,-6.01
0,-5.58
0,-4.313
0,-5.931
0,-5.913
0,-5.541
0,-6.019
0,-4.953
0,-7.04
0,-5.904
0,-8.095
0,-7.982
0,-8.804
0,-5.699
0,-5.152
0,-6.284
0,-3.818
0,-4.633
0,-5.602
0,-5.157
0,-1.925
0,-5.21
0,-9.748
0,-4.878
0,-9.414
0,-9.741
0,-8.403
0,-5.884
0,-6.929
0,-4.198
0,-6.998
0,-7.661
0,-2.869
0,-7.309
0,-9.435
0,-4.793
0,-6.2
0,-9.632
0,-5.671
0,-4.172
0,-3.422
0,-9.435
0,-8.639
0,-7.672
0,-6.885
0,-4.2
0,-6.951
0,-9.628
0,-8.46
0,-3.736
0,-4.376
0,-6.947
0,-5.871
0,-6.248
0,-9.716
0,-6.258
0,-9.062
0,-6.788
0,-9.258
0,-8.161
0,-6.751
0,-6.546
0,-8.339
0,-6.531
0,-6.933
0,-4.178
0,-8.91
0,-2.069
0,-3.803
0,-6.694
0,-4.376
0,-1.843
0,-3.937
0,-7.614
0,-5.912
0,-7.108
0,-9.334
0,-6.021
0,-6.893
0,-9.506
0,-7.255
0,-7.684
0,-4.779
0,-8.147
0,-6.582
0,-5.483
0,-7.307
0,-9.668
0,-5.444
0,-4.144
0,-5.627
0,-1.998
0,-7.901
0,-8.798
0,-5.934
0,-4.332
0,-9.745
0,-7.535
0,-9.79
0,-5.533
0,-8.901
0,-8.489
0,-5.947
0,-9.28
0,-7.928
0,-7.598
0,-2.939
0,-8.632
0,-7.605
0,-7.225
0,-8.422
0,-5.12
0,-8.041
0,-9.672
0,-8.372
0,-4.37
0,-6.358
0,-7.884
0,-5.134
0,-4.954
0,-7.427
0,-6.301
0,-6.294
0,-7.64
0,-4.169
0,-6.977
0,-7.626
0,-6.318
0,-9.448
0,-5.537
0,-7.513
0,-9.788
0,-4.053
0,-3.159
0,-6.996
0,-2.838
0,-8.916
0,-6.908
0,-9.371
0,-5.234
0,-2.704
0,-3.325
0,-8.933
0,-8.548
0,-7.812
0,-8.499
0,-5.165
0,-5.797
0,-7.113
0,-7.467
0,-5.386
0,-4.583
0,-5.893
0,-4.228
0,-7.693
0,-6.622
0,-2.315
0,-8.299
0,-3.573
0,-8.576
0,-6.832
0,-6.746
0,-6.608
0,-7.758
0,-8.832
0,-7.458
0,-4.507
0,-5.568
0,-9.636
0,-9.559
0,-4.621
0,-3.536
0,-5.786
0,-8.089
0,-7.834
0,-3.319
0,-4.806
0,-9.513
0,-7.301
0,-3.637
0,-7.041
0,-4.941
0,-9.224
0,-5.653
0,-8.654
0,-6.206
0,-4.179
0,-8.471
0,-6.816
0,-6.609
0,-3.806
0,-6.481
0,-9.131
0,-7.714
0,-5.68
0,-6.825
0,-7.499
0,-7.711
0,-9.718
0,-8.942
0,-9.464
0,-3.47
0,-7.188
0,-4.969
0,-3.235
0,-5.959
0,-7.114
0,-7.249
0,-3.865
0,-6.503
0,-6.014
0,-6.181
0,-6.435
0,-7.401
0,-8.734
0,-9.186
0,-7.315
0,-7.951
0,-6.26
0,-3.951
0,-5.766
0,-6.883
0,-8.72
0,-5.208
0,-9.469
0,-6.931
0,-4.314
0,-9.393
0,-6.762
0,-6.084
0,-5.66
0,-9.647
0,-3.017
0,-6.282
0,-5.703
0,-7.743
0,-3.91
0,-9.586
0,-7.719
0,-4.44
0,-6.876
0,-7.803
0,-2.542
0,-5.728
0,-8.135
0,-5.799
0,-6.033
0,-3.028
0,-6.464
0,-8.226
0,-7.461
0,-5.648
0,-7.199
0,-3.584
0,-5.963
0,-7.381
0,-7
0,-8.132
0,-9.56
0,-4.714
0,-9.699
0,-4.141
0,-4.541
0,-6.311
0,-6.022
0,-8.521
0,-8.952
0,-7.329
0,-6.446
0,-8.579
0,-7.74
0,-6.366
0,-4.683
0,-9.01
0,-5.953
0,-7.31
0,-8.224
0,-8.525
0,-7.7
0,-6.051
0,-5.779
0,-4.998
0,-8.521
0,-5.492
0,-7.736
0,-4.852
0,-5.981
0,-5.202
0,-5.644
0,-5.724
0,-9.249
0,-9.479
0,-9.035
0,-3.306
0,-6.097
0,-9.221
0,-6.589
0,-8.983
0,-8.189
0,-2.001
0,-9.148
0,-7.232
0,-7.071
0,-7.974
0,-4.134
0,-6.076
0,-7.397
0,-6.664
0,-2.844
0,-7.434
0,-7.769
0,-1.622
0,-3.753
0,-9.042
0,-3.854
0,-3.826
0,-3.959
0,-8.726
0,-6.748
0,-8.225
0,-8.612
0,-9.074
0,-8.57
0,-9.492
0,-9.105
0,-7.005
0,-4.379
0,-7.837
0,-4.994
0,-5.025
0,-9.191
0,-7.087
0,-9.033
0,-8.506
0,-6.774
0,-9.517
0,-9.693
0,-9.381
0,-2.999
0,-4.442
0,-7.634
0,-5.945
0,-8.41
0,-6.186
0,-3.973
0,-4.188
0,-2.599
0,-5.614
0,-8.733
0,-4.62
0,-9.449
0,-8.665
0,-1.479
0,-5.298
0,-5.737
0,-5.849
0,-8.962
0,-8.754
0,-8.596
0,-8.09
0,-8.405
0,-9.139
0,-2.397
0,-4.99
0,-8.871
0,-7.688
0,-4.238
0,-4.184
0,-5.434
0,-7.162
0,-3.487
0,-6.475
0,-4.732
0,-6.318
0,-8.077
0,-6.473
0,-7.654
0,-7.551
0,-4.853
0,-2.617
0,-8.774
0,-8.691
0,-9.65
0,-6.917
0,-6.53
0,-7.405
0,-7.462
0,-6.654
0,-5.911
0,-9.614
0,-2.932
0,-4.002
0,-6.518
0,-8.005
0,-5.993
0,-6.478
0,-8.334
0,-7.865
0,-7.657
0,-4.639
0,-5.155
0,-7.54
0,-5.498
0,-6.375
0,-5.991
0,-5.371
0,-4.568
0,-4.059
0,-8.493
0,-3.049
0,-5.573
0,-4.812
0,-7.751
0,-7.693
0,-5.946
0,-6.942
0,-6.017
0,-4.022
0,-6.533
0,-4.982
0,-7.268
0,-8.154
0,-3.287
0,-6.241
0,-9.055
0,-7.582
0,-5.764
0,-6.356
0,-8.301
0,-5.304
0,-5.516
0,-2.968
0,-2.769
0,-6.724
0,-8.672
0,-8.059
0,-7.356
0,-5.814
0,-4.854
0,-5.906
0,-7.299
0,-5.563
0,-6.675
0,-7.382
0,-7.145
0,-7.123
0,-8.493
0,-6.36
0,-7.15
0,-5.56
0,-4.834
0,-8.874
0,-5.16
0,-4.394
0,-4.166
0,-3.062
0,-5.869
0,-3.947
0,-8.273
0,-3.741
0,-4.771
0,-3.766
0,-8.775
0,-5.575
0,-6.519
0,-9.627
0,-5.508
0,-9.302
0,-4.465
0,-5.384
0,-5.152
0,-7.68
0,-5.306
0,-8.591
0,-4.678
0,-9.296
0,-9.528
0,-5.695
0,-7.207
0,-3.258
0,-5.084
0,-9.727
0,-6.016
0,-7.877
0,-6.695
0,-8.25
0,-3.942
0,-6.129
0,-5.864
0,-6.107
0,-3.871
0,-2.192
0,-2.679
0,-9.725
0,-2.928
0,-3.918
0,-8.096
0,-3.961
0,-8.246
0,-7.286
0,-5.286
0,-8.301
0,-7.768
0,-9.057
0,-7.998
0,-6.025
0,-6.618
0,-6.067
0,-6.61
0,-6.163
0,-6.83
0,-6.199
0,-3.257
0,-5.896
0,-5.129
0,-7.163
0,-7.442
0,-6.206
0,-8.878
0,-8.826
0,-7.996
0,-1.723
0,-3.593
0,-5.4
0,-5.654
0,-5.716
0,-5.111
0,-4.736
0,-5.227
0,-5.419
0,-9.433
0,-2.844
0,-6.677
0,-8.311
0,-8.815
0,-8.4
0,-8.788
0,-5.098
0,-1.977
0,-5.627
0,-4.398
0,-7.683
0,-7.622
0,-5.8
0,-5.75
0,-6.89
0,-5.378
0,-5.962
0,-4.613
0,-8.311
0,-5.871
0,-6.81
0,-7.168
0,-6.652
0,-5.762
0,-6.992
0,-9.344
0,-4.231
0,-9.535
0,-3.38
0,-5.085
0,-6.874
0,-9.073
0,-8.251
0,-7.183
0,-7.711
0,-7.165
0,-5.425
0,-7.46
0,-5.807
0,-6.942
0,-5.041
0,-6.481
0,-5.243
0,-7.564
0,-3.545
0,-4.181
0,-8.432
0,-6.465
0,-4.165
0,-7.329
0,-3.884
0,-6.255
0,-8.069
0,-9.769
0,-3.352
0,-7.306
0,-6.917
0,-7.078
0,-7.404
0,-8.328
0,-6.069
0,-7.705
0,-6.419
0,-6.451
0,-8.085
0,-4.854
0,-8.748
0,-6.427
0,-8.78
0,-3.985
0,-7.717
0,-6.643
0,-9.503
0,-6.467
0,-5.721
0,-4.272
0,-8.032
0,-6.601
0,-5.977
0,-9.495
0,-5.704
0,-4.947
0,-3.738
0,-5.431
0,-3.619
0,-6.828
0,-4.68
0,-6.873
0,-5.065
0,-4.462
0,-6.855
0,-6.01
0,-9.532
0,-4.573
0,-8.392
0,-7.123
0,-9.76
0,-8.686
0,-8.07
0,-4.018
0,-5.912
0,-4.65
0,-3.909
0,-6.028
0,-8.792
0,-4.768
0,-5.853
0,-5.343
0,-5.647
0,-8.888
0,-7.787
0,-8.43
0,-3.525
0,-6.883
0,-5.173
0,-7.632
0,-5.106
0,-8.173
0,-7.284
0,-8.424
0,-8.586
0,-8.016
0,-8.712
0,-9.213
0,-8.907
0,-6.605
0,-6.301
0,-9.256
0,-9.013
0,-7.548
0,-5.852
0,-8.287
0,-5.414
0,-5.763
0,-8.006
0,-6.986
0,-5.404
0,-4.786
0,-8.383
0,-4.045
0,-7.119
0,-9.087
0,-4.422
0,-5.041
0,-8.895
0,-9.219
0,-5.202
0,-3.492
0,-5.698
0,-5.429
0,-4.199
0,-9.516
0,-8.758
0,-6.176
0,-6.033
0,-6.338
0,-6.453
0,-6.826
0,-8.096
0,-6.574
0,-2.45
0,-8.92
0,-8.913
0,-3.237
0,-5.356
0,-7.164
0,-7.343
0,-7.594
0,-5.92
0,-3.723
0,-4.392
0,-8.844
0,-8.508
0,-8.178
0,-6.265
0,-6.421
0,-6.735
0,-4.439
0,-9.31
0,-5.612
0,-3.382
0,-6.477
0,-7.045
0,-9.199
0,-7.29
0,-6.671
0,-6.216
0,-4.003
0,-7.359
0,-7.42
0,-5.355
0,-8.26
0,-8.238
0,-4.487
0,-6.572
0,-4.773
0,-7.716
0,-7.632
0,-6.209
0,-8.882
0,-9.472
0,-7.986
0,-4.833
0,-9.224
0,-4.952
0,-3.8
0,-5.967
0,-9.035
0,-5.15
0,-6.862
0,-7.64
0,-3.198
0,-8.228
0,-6.621
0,-8.274
0,-6.994
0,-6.51
0,-5.19
0,-8.341
0,-6.465
0,-8.637
0,-2.323
0,-5.477
0,-7.884
0,-6.186
0,-4.061
0,-6.828
0,-8.559
0,-8.328
0,-3.963
0,-7.848
0,-5.745
0,-6.962
0,-7.094
0,-5.851
0,-5.626
0,-2.93
0,-3.663
0,-8.885
0,-7.294
0,-3.693
0,-9.041
0,-8.966
0,-6.547
0,-7.341
0,-8.64
0,-9.295
0,-8.502
0,-3.599
0,-4.533
0,-5.73
0,-9.429
0,-8.285
0,-5.251
0,-4.678
0,-9.23
0,-7.121
0,-6.618
0,-5.184
0,-9.027
0,-8.06
0,-6.57
0,-7.012
0,-7.345
0,-8.107
0,-7.295
0,-9.793
0,-9.322
0,-7.077
0,-9.109
0,-6.042
0,-3.353
0,-5.299
0,-6.359
0,-4.092
0,-8.755
0,-8.901
0,-8.15
0,-5.074
0,-5.958
0,-7.638
0,-2.895
0,-4.665
0,-9.505
0,-4.459
0,-3.67
0,-3.809
0,-4.403
0,-9.333
0,-2.713
0,-8.498
0,-5.729
0,-8.525
0,-6.72
0,-3.8
0,-6.778
0,-6.611
0,-4.333
0,-8.977
0,-6.965
0,-8.963
0,-9.215
0,-2.182
0,-6.076
0,-5.319
0,-3.478
0,-2.973
0,-5.631
0,-9.104
0,-8.078
0,-8.667
0,-4.774
0,-8.948
0,-5.92
0,-8.147
0,-8.592
0,-6.297
0,-8.087
0,-3.394
0,-7.3
0,-6.962
0,-9.573
0,-7.551
0,-2.98
0,-8.7
0,-6.36
0,-5.145
0,-4.347
0,-4.309
0,-9.722
0,-7.242
0,-8.419
0,-8.278
0,-9.134
0,-7.51
0,-9.783
0,-8.522
0,-5.094
0,-7.817
0,-5.145
0,-6.893
0,-8.299
0,-5
0,-8.072
0,-9.224
0,-4.357
0,-9.606
0,-6.259
0,-5.099
0,-9.71
0,-5.045
0,-8.688
0,-4.912
0,-4.739
0,-6.586
0,-6.209
0,-5.497
0,-4.017
0,-8.925
0,-5.893
0,-5.167
0,-3.761
0,-8.183
0,-8.066
0,-8.351
0,-4.625
0,-9.29
0,-4.277
0,-7.219
0,-4.63
0,-7.717
0,-8.523
0,-3.968
0,-9.422
0,-6.682
0,-4.014
0,-9.803
0,-4.866
0,-7.113
0,-7.736
0,-6.852
0,-5.603
0,-5.247
0,-5.031
0,-3.889
0,-5.659
0,-8.085
0,-6.407
0,-3.211
0,-6.924
0,-4.442
0,-8.706
0,-9.502
0,-6.966
0,-8.273
0,-5.833
0,-7.239
0,-5.676
0,-7.075
0,-5.189
0,-7.033
0,-4.116
0,-9.464
0,-8.89
0,-7.255
0,-4.694
0,-8.674
0,-9.298
0,-7.401
0,-7.893
0,-5.563
0,-8.654
0,-7.597
0,-8.247
0,-9.368
0,-7.495
0,-8.415
0,-7.896
0,-4.242
0,-6.102
0,-8.556
0,-2.191
0,-4.296
0,-5.315
0,-6.18
0,-3.765
0,-6.811
0,-5.142
0,-6.115
0,-7.078
0,-3.6
0,-8.086
0,-8.884
0,-6.917
0,-9.642
0,-4.942
0,-9.423
0,-7.465
0,-7.301
0,-8.763
0,-6.367
0,-3.237
0,-5.973
0,-2.741
0,-1.927
0,-6.986
0,-2.988
0,-4.602
0,-4.556
0,-9.451
0,-9.366
0,-9.733
0,-8.158
0,-9.279
0,-6.378
0,-5.227
0,-5.911
0,-7.033
0,-7.797
0,-8.518
0,-7.494
0,-8.209
0,-5.676
0,-6.183
0,-6.99
0,-7.446
0,-4.098
0,-3.587
0,-8.366
0,-4.029
0,-3.378
0,-3.246
0,-9.559
0,-8.662
0,-5.992
0,-6.924
0,-9.13
0,-9.532
0,-8.666
0,-8.202
0,-4.618
0,-5.75
0,-5.938
0,-7.83
0,-3.132
0,-7.831
0,-8.987
0,-6.364
0,-7.884
0,-5.16
0,-7.144
0,-9.116
0,-6.222
0,-3.424
0,-9.675
0,-9.249
0,-5.485
0,-5.777
0,-4.772
0,-4.732
0,-8.416
0,-4.594
0,-5.39
0,-6.031
0,-7.107
0,-6.144
0,-3.165
0,-7.589
0,-7.874
0,-3.868
0,-5.837
0,-4.601
0,-6.111
0,-9.384
0,-6.497
0,-5.88
0,-8.812
0,-4.638
0,-7.454
0,-7.437
0,-6.949
0,-8.452
0,-7.918
0,-8.278
0,-6.752
0,-7.629
0,-5.863
0,-9.6
0,-9.06
0,-5.376
0,-6.485
0,-5.625
0,-9.66
0,-5.914
0,-6.637
0,-5.057
0,-5.536
0,-5.532
0,-9.244
0,-9.147
1,-11.197
1,-9.843
1,-17.302
1,-11.642
1,-13.496
1,-10.021
1,-16.11
1,-15.221
1,-12.332
1,-11.939
1,-15.335
1,-10.922
1,-9.983
1,-17.699
1,-10.358
1,-12.716
1,-15.663
1,-10.7
1,-10.93
1,-12.009
1,-11.043
1,-11.506
1,-14.179
1,-13.33
1,-12.412
1,-9.998
1,-12.951
1,-11.751
1,-11.051
1,-9.97
1,-11.335
1,-15.581
1,-11.98
1,-11.215
1,-12.69
1,-10.296
1,-12.839
1,-13.71
1,-14.438
1,-13.002
1,-12.004
1,-11.829
1,-15.761
1,-13.627
1,-11.479
1,-10.466
1,-13.836
1,-13.495
1,-15.144
1,-12.991
1,-17.285
1,-14.248
1,-12.651
1,-16.056
1,-11.061
1,-15.358
1,-11.213
1,-9.965
1,-11.976
1,-10.229
1,-12.717
1,-12.28
1,-11.965
1,-12.779
1,-13.251
1,-12.772
1,-17.308
1,-15.351
1,-17.623
1,-11.708
1,-16.968
1,-13.038
1,-10.647
1,-10.756
1,-12.26
1,-13.668
1,-16.433
1,-14.737
1,-12.279
1,-15.736
1,-12.053
1,-13.703
1,-11.702
1,-14.509
1,-12.772
1,-12.658
1,-17.522
1,-10.777
1,-9.993
1,-12.99
1,-16.844
1,-10.57
1,-16.753
1,-16.006
1,-10.274
1,-15.578
1,-16.942
1,-13.135
1,-12.385
1,-11.356
1,-16.527
1,-10.173
1,-14.123
1,-12.75
1,-10.328
1,-11.877
1,-10.7
1,-15.672
1,-15.54
1,-14.621
1,-11.428
1,-11.273
1,-10.917
1,-14.449
1,-10.918
1,-12.77
1,-15.574
1,-15.915
1,-13.366
1,-13.826
1,-11.488
1,-14.367
1,-14.544
1,-13.256
1,-10.957
1,-14.835
1,-10.683
1,-10.754
1,-15.599
1,-15.672
1,-11.255
1,-11.494
1,-16.113
1,-9.843
1,-17.492
1,-14.041
1,-16.994
1,-12
1,-12.811
1,-10.398
1,-17.16
1,-13.781
1,-10.968
1,-14.014
1,-15.046
1,-15.008
1,-10.274
1,-12.708
1,-12.752
1,-13.078
1,-10.231
1,-11.26
1,-12.091
1,-13.481
1,-16.077
1,-10.324
1,-13.456
1,-12.084
1,-14.952
1,-12.102
1,-15.598
1,-12.01
1,-10.895
1,-10.862
1,-11.927
1,-13.103
1,-13.134
1,-14.979
1,-10.45
1,-14.688
1,-14.217
1,-11.661
1,-10.225
1,-10.453
1,-10.269
1,-16.051
1,-9.899
1,-13.777
1,-13.774
1,-13.462
1,-9.846
1,-14.816
1,-15.148
1,-11.97
1,-9.996
1,-17.611
1,-12.552
1,-9.903
1,-11.549
1,-10.918
1,-10.85
1,-10.881
1,-12.677
1,-10.586
1,-12.389
1,-10.483
1,-10.72
1,-16.113
1,-10.275
1,-14.891
1,-13.876
1,-14.934
1,-11.937
1,-13.992
1,-15.624
1,-10.548
1,-11.415
1,-16.357
1,-16.263
1,-13.047
1,-10.3
1,-10.609
1,-12.649
1,-10.976
1,-14.489
1,-15.546
1,-10.844
1,-16.504
1,-10.086
1,-12.22
1,-12.437
1,-10.362
1,-11.236
1,-10.196
1,-13.512
1,-12.298
1,-10.203
1,-9.848
1,-12.714
1,-13.607
1,-9.883
1,-17.714
1,-12.743
1,-10.764
1,-15.279
1,-10.653
1,-13.12
1,-9.99
1,-14.876
1,-15.01
1,-11.828
1,-14.28
1,-11.766
1,-11.473
1,-9.911
1,-12.597
1,-16.884
1,-13.873
1,-14.493
1,-15.653
1,-12.371
1,-11.124
1,-12.839
1,-15.777
1,-12.586
1,-10.56
1,-14.711
1,-16.724
1,-12.161
1,-11.459
1,-11.663
1,-11.105
1,-13.637
1,-11.484
1,-11.404
1,-11.255
1,-12.436
1,-12.935
1,-15.995
1,-12.593
1,-13.592
1,-11.851
1,-16.05
1,-15.755
1,-13.763
1,-15.164
1,-16.215
1,-13.792
1,-16.937
1,-11.814
1,-11.216
1,-12.584
1,-11.508
1,-11.448
1,-12.139
1,-11.156
1,-15.926
1,-13.898
1,-17.019
1,-10.727
1,-12.469
1,-12.468
1,-14.293
1,-11.536
1,-11.786
1,-14.51
1,-9.84
1,-10.566
1,-13.224
1,-9.89
1,-16.336
1,-11.857
1,-13.179
1,-10.791
1,-13.159
1,-10.72
1,-10.612
1,-17.057
1,-10.393
1,-11.931
1,-10.037
1,-12.21
1,-10.803
1,-11.359
1,-13.227
1,-12.91
1,-13.42
1,-17.263
1,-16.021
1,-12.392
1,-11.258
1,-12.838
1,-14.409
1,-12.708
1,-14.094
1,-16.163
1,-15.889
1,-15.668
1,-12.548
1,-15.305
1,-14.919
1,-13.659
1,-17.661
1,-10.484
1,-11.696
1,-10.551
1,-14.178
1,-16.398
1,-9.811
1,-9.894
1,-9.917
1,-10.284
1,-14.04
1,-14.286
1,-12.026
1,-9.96
1,-10.872
1,-13.991
1,-10.621
1,-13.578
1,-14.44
1,-10.42
1,-10.486
1,-10.557
1,-15.076
1,-10.62
1,-9.978
1,-13.192
1,-11.31
1,-9.905
1,-10.997
1,-13.633
1,-13.816
1,-13.163
1,-10.494
1,-17.437
1,-11.706
1,-13.762
1,-10.239
1,-11.567
1,-12.384
1,-10.475
1,-11.71
1,-11.537
1,-13.613
1,-12.806
1,-16.399
1,-15.55
1,-13.688
1,-11.212
1,-11.611
1,-10.99
1,-13.11
1,-15.732
1,-10.002
1,-9.823
1,-13.074
1,-14.301
1,-10.175
1,-10.241
1,-15.872
1,-15.754
1,-12.149
1,-15.661
1,-13.345
1,-13.276
1,-11.837
1,-16.408
1,-11.947
1,-9.839
1,-13.242
1,-14.252
1,-10.823
1,-17.169
1,-14.23
1,-14.443
1,-14.233
1,-14.669
1,-10.794
1,-13.115
1,-14.338
1,-14.173
1,-17.242
1,-15
1,-10.491
1,-10.468
1,-13.686
1,-11.4
1,-13.569
1,-13.311
1,-14.445
1,-12.471
1,-14.206
1,-12.338
1,-10.623
1,-10.623
1,-16.136
1,-14.157
1,-16.063
1,-17.307
1,-14.736
1,-14.188
1,-14.755
1,-14.002
1,-15.655
1,-13.89
1,-11.516
1,-13.626
1,-13.984
1,-11.524
1,-11.528
1,-16.538
1,-12.679
1,-12.088
1,-12.1
1,-10.943
1,-11.338
1,-10.648
1,-13.812
1,-14.073
1,-9.853
1,-14.775
1,-13.771
1,-13.778
1,-17.337
1,-11.448
1,-17.114
1,-16.427
1,-15.586
1,-11.027
1,-10.718
1,-10.261
1,-14.088
1,-11.803
1,-15.571
1,-11.433
1,-12.767
1,-14.403
1,-16.334
1,-10.971
1,-10.288
1,-13.289
1,-15.968
1,-14.172
1,-12.239
1,-13.881
1,-12.193
1,-14.818
1,-12.042
1,-11.601
1,-11.252
1,-17.222
1,-12.43
1,-9.881
1,-13.551
1,-13.277
1,-12.324
1,-15.406
1,-12.565
1,-14.647
1,-14.663
1,-10.015
1,-12.473
1,-14.179
1,-10.06
1,-12.972
1,-11.291
1,-13.05
1,-10.527
1,-10.846
1,-12.37
1,-11.477
1,-11.661
1,-11.552
1,-10.201
1,-12.987
1,-16.389
1,-13.141
1,-14.031
1,-15.015
1,-12.347
1,-13.818
1,-9.813
1,-10.38
1,-13.805
1,-10.247
1,-13.321
1,-12.852
1,-12.209
1,-10.012
1,-16.196
1,-15.161
1,-16.41
1,-13.891
1,-14.218
1,-16.468
1,-11.106
1,-12.797
1,-16.241
1,-16.376
1,-13.753
1,-11.241
1,-12.611
1,-14.393
1,-12.637
1,-12.891
1,-16.077
1,-15.314
1,-10.69
1,-12.172
1,-10.786
1,-10.575
1,-17.472
1,-11.96
1,-15.644
1,-13.341
1,-15.605
1,-11.19
1,-10.481
1,-10.164
1,-11.854
1,-9.89
1,-11.777
1,-11.74
1,-12.354
1,-15.404
1,-16.765
1,-13.397
1,-10.815
1,-11.58
1,-17.13
1,-13.486
1,-10.913
1,-14.904
1,-13.391
1,-11.101
1,-16.067
1,-14.058
1,-14.213
1,-12.634
1,-11.126
1,-14.1
1,-14.199
1,-16.055
1,-11.331
1,-16.375
1,-17.532
1,-10.791
1,-11.104
1,-12.067
1,-9.873
1,-14.467
1,-9.805
1,-11.906
1,-12.483
1,-14.799
1,-10.96
1,-16.889
1,-9.992
1,-10.242
1,-10.537
1,-15.893
1,-14.361
1,-11.556
1,-12.935
1,-12.325
1,-13.422
1,-17.425
1,-14.173
1,-12.26
1,-15.712
1,-12.745
1,-13.358
1,-15.354
1,-17.081
1,-17.186
1,-13.983
1,-11.368
1,-15.45
1,-11.51
1,-12.011
1,-12.439
1,-12.008
1,-14.808
1,-11.401
1,-14.977
1,-12.338
1,-12.455
1,-16.372
1,-10.596
1,-16.683
1,-17.518
1,-12.407
1,-13.214
1,-10.27
1,-14.562
1,-10.091
1,-13.589
1,-12.626
1,-11.257
1,-12.831
1,-13.558
1,-12.066
1,-11.005
1,-14.38
1,-13.411
1,-10.906
1,-13.818
1,-10.061
1,-10.401
1,-9.909
1,-12.584
1,-9.86
1,-10.478
1,-9.95
1,-13.01
1,-10.587
1,-11.009
1,-13.577
1,-10.19
1,-13.149
1,-10.771
1,-11.552
1,-12.446
1,-11.485
1,-10.011
1,-12.469
1,-14.957
1,-11.786
1,-12.581
1,-12.256
1,-10.256
1,-13.807
1,-14.328
1,-16.934
1,-13.644
1,-11.718
1,-11.957
1,-10.715
1,-11.91
1,-13.743
1,-10.294
1,-10.203
1,-17.471
1,-15.498
1,-10.328
1,-16.165
1,-13.666
1,-12.144
1,-16.486
1,-11.3
1,-12.121
1,-11.14
1,-16.407
1,-13.522
1,-14.361
1,-10.288
1,-11.613
1,-17.214
1,-15.018
1,-12.158
1,-10.215
1,-13.915
1,-10.187
1,-13.533
1,-12.307
1,-13.476
1,-11.383
1,-11.958
1,-16.589
1,-14.573
1,-12.546
1,-10.295
1,-13.515
1,-11.852
1,-10.133
1,-16.45
1,-15.121
1,-11.031
1,-13.484
1,-11.378
1,-15.953
1,-10.166
1,-11.514
1,-12.421
1,-11.749
1,-12.921
1,-10.879
1,-16.71
1,-13.434
1,-11.29
1,-15.242
1,-10.453
1,-16.865
1,-13.706
1,-13.758
1,-10.525
1,-10.65
1,-10.152
1,-12.118
1,-13.322
1,-12.346
1,-10.285
1,-10.412
1,-13.143
1,-11.428
1,-13.006
1,-10.67
1,-12.283
1,-10.386
1,-12.908
1,-10.919
1,-12.577
1,-13.027
1,-15.069
1,-16.325
1,-12.246
1,-11.403
1,-16.21
1,-13.705
1,-11.037
1,-13.306
1,-11.937
1,-14.117
1,-14.511
1,-13.711
1,-12.715
1,-13.136
1,-16.151
1,-12.174
1,-10.084
1,-17.014
1,-14.175
1,-11.685
1,-11.319
1,-15.303
1,-10.744
1,-12.493
1,-11.539
1,-13.615
1,-10.601
1,-16.261
1,-14.682
1,-16.397
1,-10.561
1,-12.643
1,-14.554
1,-14.701
1,-10.825
1,-13.005
1,-14.243
1,-11.19
1,-10.87
1,-17.712
1,-11.693
1,-12.198
1,-14.835
1,-9.974
1,-10.033
1,-11.425
1,-13.533
1,-12.246
1,-12.373
1,-14.881
1,-10.22
1,-12.785
1,-13.434
1,-9.868
1,-17.382
1,-12.625
1,-11.622
1,-15.909
1,-10.203
1,-16.205
1,-11.128
1,-11.897
1,-9.989
1,-12.054
1,-14.587
1,-14.886
1,-15.006
1,-10.501
1,-11.123
1,-17.746
1,-14.665
1,-11.926
1,-15.636
1,-15.016
1,-14.767
1,-11.783
1,-14.712
1,-12.665
1,-15.336
1,-12.569
1,-11.68
1,-10.432
1,-17.045
1,-13.839
1,-15.493
1,-12.652
1,-9.969
1,-15.202
1,-12.398
1,-12.546
1,-15.987
1,-13.331
1,-15.912
1,-12.955
1,-16.459
1,-14.658
1,-10.901
1,-12.686
1,-12.928
1,-14.807
1,-14.135
1,-16.866
1,-10.249
1,-10.499
1,-10.509
1,-12.892
1,-16.657
1,-12.515
1,-16.007
1,-13.459
1,-13.567
1,-13.207
1,-11.467
1,-11.367
1,-10.981
1,-10.012
1,-13.795
1,-10.415
1,-11.085
1,-11.814
1,-11.498
1,-12.778
1,-13.718
1,-10.372
1,-16.673
1,-10.985
1,-14.945
1,-13.298
1,-9.951
1,-10.638
1,-14.873
1,-10.133
1,-12.039
1,-14.579
1,-14.953
1,-12.215
1,-10.216
1,-10.03
1,-16.111
1,-12.88
1,-14.977
1,-11.38
1,-10.733
1,-17.549
1,-11.924
1,-16.521
1,-12.237
1,-14.375
1,-14.476
1,-12.838
1,-15.413
1,-15.71
1,-10.942
1,-10.086
1,-17.15
1,-10.672
1,-10.329
1,-12.504
1,-12.383
1,-14.886
1,-13.683
1,-13.362
1,-10.069
1,-13.637
1,-10.047
1,-10.814
1,-11.314
1,-13.135
1,-14.922
1,-15.673
1,-13.467
1,-17.172
1,-11.907
1,-11.943
1,-10.937
1,-10.742
1,-10.239
1,-15.963
1,-13.015
1,-10.635
1,-12.16
1,-10.22
1,-11.922
1,-12.518
1,-10.29
1,-9.926
1,-16.333
1,-12.685
1,-10.516
1,-15.857
1,-14.373
1,-14.853
1,-11.947
1,-17.462
1,-16.394
1,-11.302
1,-14.3
1,-10.499
1,-13.691
1,-10.44
1,-12.632
1,-11.368
1,-15.442
1,-16.489
1,-14.946
1,-17.325
1,-12.27
1,-11.516
1,-16.111
1,-14.165
1,-14.023
1,-11.918
1,-13.474
1,-10.447
1,-15.163
1,-13.213
1,-13.959
1,-12.253
1,-16.062
1,-12
1,-16.137
1,-13.404
1,-17.629
1,-16.156
1,-10.377
1,-13.556
1,-10.401
1,-14.181
1,-12.682
1,-11.613
1,-16.678
1,-16.275
1,-10.19
1,-13.61
1,-12.831
1,-15.775
1,-14.668
1,-14.481
1,-15.608
1,-11.058
1,-9.915
1,-14.863
1,-11.017
1,-11.255
1,-15.615
1,-17.664
1,-14.946
1,-11.714
1,-10.062
1,-12.411
1,-9.923
1,-12.957
1,-17.452
1,-12.69
1,-12.324
1,-15.429
1,-14.431
1,-10.204
1,-15.913
1,-10.899
1,-10.427
1,-12.114
1,-10.095
1,-10.753
1,-16.169
1,-10.235
1,-11.415
1,-16.252
1,-12.653
1,-13.657
1,-11.121
1,-11.08
1,-10.591
1,-14.419
1,-13.308
1,-12.744
1,-12.031
1,-12.671
1,-10.325
1,-11.339
1,-13.018
1,-10.702
1,-13.984
1,-10.208
1,-12.187
2,-18.051
2,-19.478
2,-21.552
2,-26.266
2,-27.433
2,-37.398
2,-18.114
2,-23.988
2,-18.147
2,-28.347
2,-25.694
2,-19.821
2,-23.527
2,-24.597
2,-29.295
2,-38.525
2,-19.794
2,-18.349
2,-20.964
2,-21.787
2,-21.25
2,-32.017
2,-23.996
2,-22.289
2,-18.703
2,-26.358
2,-21.593
2,-18.341
2,-22.752
2,-18.397
2,-22.35
2,-18.724
2,-17.805
2,-19.263
2,-25.146
2,-19.461
2,-20.842
2,-27.806
2,-23.685
2,-18.863
2,-18.91
2,-22.825
2,-20.284
2,-22.271
2,-19.976
2,-26.626
2,-20.846
2,-21.978
2,-19.157
2,-24.83
2,-23.15
2,-20.193
2,-29.75
2,-20.816
2,-18.245
2,-20.359
2,-23.095
2,-18.152
2,-18.263
2,-21.835
2,-36.835
2,-23.874
2,-17.91
2,-30.293
2,-17.941
2,-22.196
2,-37.065
2,-18.169
2,-18.713
2,-31.412
2,-21.412
2,-18.719
2,-22.492
2,-18.184
2,-20.446
2,-21.881
2,-19.376
2,-18.533
2,-21.723
2,-21.506
2,-17.92
2,-28.946
2,-18.118
2,-19.492
2,-19.602
2,-21.854
2,-18.354
2,-20.826
2,-20.302
2,-23.519
2,-20.082
2,-18.935
2,-29.521
2,-23.684
2,-19.991
2,-24.986
2,-23.771
2,-21.361
2,-21.511
2,-23.347
2,-20.026
2,-20.02
2,-24.422
2,-28.2
2,-18.86
2,-21.177
2,-27.369
2,-21.761
2,-19.814
2,-27.858
2,-23.73
2,-20.18
2,-19.24
2,-19.569
2,-26.343
2,-17.958
2,-20.696
2,-28.475
2,-20.832
2,-34.703
2,-19.76
2,-20.444
2,-21.997
2,-19.87
2,-17.772
2,-24.773
2,-29.692
2,-19.368
2,-18.086
2,-20.174
2,-25.585
2,-19.751
2,-21.858
2,-22.088
2,-19.736
2,-22.272
2,-18.338
2,-34.033
2,-18.025
2,-23.549
2,-22.645
2,-20.575
2,-23.155
2,-17.83
2,-20.142
2,-18.105
2,-26.997
2,-20.524
2,-20.373
2,-20.819
2,-17.896
2,-21.63
2,-19.544
2,-23.815
2,-35.702
2,-28.346
2,-18.473
2,-22.803
2,-20.142
2,-26.393
2,-18.626
2,-18.054
2,-24.98
2,-20.499
2,-17.9
2,-19.963
2,-18.581
2,-18.7
2,-22.104
2,-20.536
2,-22.517
2,-19.64
2,-22.384
2,-19.633
2,-25.678
2,-26.356
2,-18.169
2,-33.595
2,-23.69
2,-18.341
2,-18.321
2,-19.852
2,-17.81
2,-20.848
2,-18.466
2,-21.036
2,-24.877
2,-18.891
2,-24.321
2,-21.585
2,-30.978
2,-22.214
2,-19.933
2,-19.583
2,-19.052
2,-22.737
2,-23.366
2,-32.637
2,-30.381
2,-27.885
2,-19.897
2,-18.34
2,-25.368
2,-23.893
2,-24.57
2,-21.685
2,-17.962
2,-20.578
2,-22.659
2,-47.664
2,-24.953
2,-25.395
2,-23.964
2,-19.995
2,-20.335
2,-24.2
2,-21.498
2,-28.107
2,-22.729
2,-22.115
2,-24.705
2,-20.865
2,-18.149
2,-22.073
2,-21.08
2,-19.514
2,-20.607
2,-18.516
2,-23.461
2,-19.449
2,-20.975
2,-19.775
2,-18.803
2,-28.231
2,-20.958
2,-21.418
2,-19.99
2,-25.895
2,-28.19
2,-23.966
2,-23.476
2,-17.825
2,-23.876
2,-28.506
2,-30.14
2,-17.877
2,-22.504
2,-22.71
2,-19.944
2,-20.282
2,-24.327
2,-17.913
2,-18.526
2,-25.038
2,-18.203
2,-19.488
2,-19.174
2,-26.7
2,-22.788
2,-17.88
2,-25.431
2,-18.183
2,-51.643
2,-30.22
2,-25.26
2,-22.504
2,-20.869
2,-18.909
2,-18.692
2,-20.496
2,-20.856
2,-19.938
2,-21.533
2,-19.597
2,-27.016
2,-23.538
2,-18.681
2,-18.312
2,-24.25
2,-24.436
2,-31.982
2,-29.331
2,-22.812
2,-18.206
2,-26.045
2,-32.742
2,-30.893
2,-30.894
2,-18.524
2,-23.03
2,-24.802
2,-32.339
2,-24.516
2,-18.379
2,-26.589
2,-19.61
2,-18.623
2,-22.102
2,-20.754
2,-37.456
2,-21.782
2,-23.367
2,-24.838
2,-26.597
2,-23.44
2,-21.779
2,-18.57
2,-29.793
2,-17.855
2,-19.304
2,-18.826
2,-19.634
2,-17.955
2,-20.698
2,-17.85
2,-24.012
2,-20.845
2,-31.109
2,-33.662
2,-23.949
2,-21.011
2,-20.055
2,-18.628
2,-20.931
2,-19.662
2,-19.164
2,-21.515
2,-32.331
2,-25.127
2,-28.197
2,-25.063
2,-18.75
2,-20.803
2,-18.199
2,-28.536
2,-42.472
2,-21.115
2,-19.65
2,-23.94
2,-22.386
2,-18.146
2,-34.162
2,-24.188
2,-18.449
2,-18.276
2,-31.127
2,-18.933
2,-20.831
2,-32.934
2,-26.928
2,-21.186
2,-26.236
2,-22.083
2,-27.513
2,-20.282
2,-20.406
2,-21.361
2,-17.881
2,-21.463
2,-24.997
2,-20.327
2,-19.115
2,-18.519
2,-17.898
2,-18.32
2,-27.845
2,-17.777
2,-24.341
2,-20.551
2,-36.353
2,-20.105
2,-20.418
2,-20.349
2,-20.394
2,-18.406
2,-36.577
2,-22.42
2,-21.501
2,-19.802
2,-18.254
2,-18.65
2,-21.908
2,-18.283
2,-19.303
2,-18.495
2,-20.178
2,-23.581
2,-18.852
2,-19.661
2,-29.378
2,-18.797
2,-17.914
2,-29.128
2,-18.5
2,-18.922
2,-27.239
2,-23.042
2,-22.937
2,-25.924
2,-22.42
2,-24.308
2,-22.904
2,-24.647
2,-32.033
2,-19.453
2,-20.067
2,-19.452
2,-18.464
2,-23.419
2,-19.137
2,-19.121
2,-20.088
2,-20.639
2,-18.335
2,-23.149
2,-18.114
2,-21.925
2,-18.636
2,-18.272
2,-27.815
2,-18.612
2,-18.859
2,-30.53
2,-25.106
2,-24.901
2,-20.97
2,-20.349
2,-23.333
2,-23.112
2,-19.725
2,-19.776
2,-19.27
2,-19.933
2,-18.871
2,-18.327
2,-37.668
2,-22.196
2,-20.11
2,-19.173
2,-29.084
2,-28.25
2,-30.676
2,-19.817
2,-23.012
2,-19.869
2,-29.999
2,-26.772
2,-20.691
2,-21.488
2,-19.585
2,-21.669
2,-19.61
2,-22.55
2,-18.697
2,-21.978
2,-18.818
2,-18.799
2,-23.178
2,-20.172
2,-20.259
2,-26.458
2,-17.985
2,-28.215
2,-18.798
2,-17.806
2,-33.045
2,-22.54
2,-24.14
2,-22.435
2,-31.391
2,-25.651
2,-19.293
2,-23.214
2,-18.427
2,-19.771
2,-29.054
2,-17.886
2,-21.82
2,-18.854
2,-27.284
2,-29.153
2,-23.161
2,-22.737
2,-28.138
2,-27.115
2,-18.995
2,-18.002
2,-21.601
2,-25.654
2,-19.834
2,-20.911
2,-26.312
2,-25.671
2,-17.838
2,-19.586
2,-30.18
2,-18.226
2,-23.212
2,-18.812
2,-23.045
2,-20.541
2,-20.731
2,-22.721
2,-18.604
2,-21.392
2,-17.864
2,-18.696
2,-20.251
2,-20.491
2,-26.675
2,-20.02
2,-19.547
2,-24.399
2,-36.037
2,-24.774
2,-19.271
2,-22.255
2,-18.697
2,-22.785
2,-20.42
2,-18.7
2,-21.852
2,-18.018
2,-28.327
2,-18.299
2,-22.166
2,-18.83
2,-18.479
2,-23.596
2,-23.129
2,-23.563
2,-21.277
2,-23.555
2,-20.884
2,-19.397
2,-21.716
2,-20.075
2,-18.638
2,-24.082
2,-24.905
2,-24.522
2,-18.896
2,-29.374
2,-19.242
2,-20.58
2,-18.529
2,-21.999
2,-23.005
2,-18.161
2,-21.519
2,-32.586
2,-24.112
2,-23.907
2,-19.468
2,-18.208
2,-20.139
2,-28.603
2,-19.308
2,-18.692
2,-28.406
2,-21.45
2,-22.235
2,-19.941
2,-30.387
2,-29.342
2,-28.416
2,-25.752
2,-24.22
2,-26.469
2,-41.806
2,-19.345
2,-25.342
2,-19.411
2,-30.854
2,-25.458
2,-22.377
2,-23.923
2,-25.349
2,-18.498
2,-19.92
2,-23.577
2,-20.343
2,-21.394
2,-20.737
2,-25.556
2,-18.342
2,-27.863
2,-26.455
2,-22.34
2,-27.942
2,-27.24
2,-18.044
2,-18.095
2,-27.564
2,-20.058
2,-25.266
2,-20.823
2,-24.457
2,-20.243
2,-20.55
2,-17.954
2,-20.779
2,-30.285
2,-22.646
2,-18.899
2,-23.109
2,-19.07
2,-20.246
2,-24.447
2,-24.732
2,-18.619
2,-18.119
2,-18.148
2,-19.744
2,-41.691
2,-24.729
2,-23.246
2,-23.685
2,-21.161
2,-27.754
2,-18.36
2,-23.576
2,-21.429
2,-23.129
2,-25.661
2,-27.748
2,-20.594
2,-25.736
2,-19.797
2,-30.82
2,-19.569
2,-22.457
2,-28.95
2,-17.929
2,-21.585
2,-26.288
2,-21.874
2,-26.062
2,-30.726
2,-35.251
2,-18.967
2,-19.36
2,-18.637
2,-18.03
2,-17.846
2,-18.696
2,-21.49
2,-21.031
2,-28.158
2,-19.697
2,-21.304
2,-18.22
2,-20.934
2,-25.471
2,-17.84
2,-18.674
2,-20.269
2,-24.057
2,-18.302
2,-26.024
2,-24.904
2,-18.745
2,-19.212
2,-22.694
2,-21.569
2,-22.177
2,-23.611
2,-21.141
2,-17.943
2,-18.822
2,-18.662
2,-18.054
2,-23.145
2,-25.056
2,-17.913
2,-26.44
2,-39.325
2,-21.032
2,-21.141
2,-22.28
2,-21.916
2,-18.765
2,-22.187
2,-18.328
2,-19.306
2,-27.706
2,-28.096
2,-24.997
2,-19.884
2,-28.431
2,-24.72
2,-19.406
2,-18.942
2,-18.671
2,-32.166
2,-26.527
2,-23.172
2,-26.246
2,-25.416
2,-22.786
2,-17.839
2,-24.669
2,-19.67
2,-18.014
2,-26.232
2,-22.474
2,-19.407
2,-21.694
2,-21.403
2,-20.247
2,-18.58
2,-20.731
2,-23.041
2,-22.507
2,-22.226
2,-21.343
2,-18.389
2,-24.35
2,-21.307
2,-20.665
2,-18.179
2,-21.166
2,-26.845
2,-25.205
2,-32.238
2,-19.297
2,-20.847
2,-21.491
2,-20.729
2,-18.063
2,-19.365
2,-18.497
2,-17.916
2,-19.404
2,-17.813
2,-18.986
2,-18.994
2,-26.631
2,-22.875
2,-26.688
2,-27.685
2,-17.816
2,-23.593
2,-17.876
2,-27.336
2,-35.277
2,-26.309
2,-26.765
2,-22.016
2,-21.523
2,-22.033
2,-25.613
2,-20.523
2,-18.446
2,-21.763
2,-31.346
2,-18.421
2,-19.454
2,-17.977
2,-24.19
2,-21.056
2,-20.274
2,-28.547
2,-25.369
2,-19.195
2,-25.63
2,-25.677
2,-26.128
2,-18.006
2,-18.682
2,-18.463
2,-25.499
2,-20.678
2,-22.417
2,-30.478
2,-19.572
2,-27.011
2,-23.202
2,-32.874
2,-25.163
2,-18.981
2,-19.777
2,-25.604
2,-26.383
2,-18.339
2,-23.637
2,-21.085
2,-21.623
2,-19.002
2,-21.437
2,-32.887
2,-18.184
2,-18.969
2,-21.969
2,-17.944
2,-25.822
2,-26.514
2,-20.767
2,-22.083
2,-25.342
2,-19.345
2,-38.148
2,-29.106
2,-24.424
2,-20.101
2,-23.086
2,-22.404
2,-20.32
2,-20.226
2,-17.793
2,-23.465
2,-17.876
2,-19.769
2,-24.385
2,-17.944
2,-20.678
2,-19.819
2,-19.809
2,-22.152
2,-18.679
2,-22.999
2,-21.339
2,-23.977
2,-30.925
2,-20.519
2,-20.74
2,-21.052
2,-20.106
2,-19.273
2,-27.019
2,-24.651
2,-19.233
2,-18.352
2,-24.009
2,-22.715
2,-19.27
2,-22.184
2,-18.626
2,-19.239
2,-18.742
2,-21.14
2,-22.153
2,-22.258
2,-30.249
2,-20.868
2,-18.261
2,-25.698
2,-33.364
2,-24.568
2,-19.928
2,-18.454
2,-18.226
2,-18.786
2,-26.646
2,-24.991
2,-22.356
2,-21.207
2,-18.891
2,-26.862
2,-30.712
2,-21.69
2,-19.34
2,-25.359
2,-17.795
2,-32.535
2,-17.805
2,-23.779
2,-19.664
2,-17.91
2,-18.576
2,-22.074
2,-25.221
2,-18.679
2,-20.869
2,-18.41
2,-17.938
2,-22.359
2,-18.335
2,-31.708
2,-27.905
2,-21.835
2,-21.439
2,-21.061
2,-20.879
2,-24.633
2,-23.374
2,-25.521
2,-29.51
2,-27.621
2,-22.06
2,-20.105
2,-19.408
2,-25.745
2,-19.877
2,-20.009
2,-29.407
2,-23.707
2,-30.089
2,-18.712
2,-27.749
2,-21.781
2,-20.077
2,-19.015
2,-21.039
2,-32.987
2,-20.974
2,-18.063
2,-18.865
2,-19.907
2,-19.252
2,-26.045
2,-20.288
2,-21.091
2,-25.452
2,-22.965
2,-27.737
2,-18.197
2,-24.106
2,-17.865
2,-19.97
2,-27.755
2,-19.397
2,-21.254
2,-20.656
2,-18.993
2,-22.377
2,-19.196
2,-24.81